-- Insertion pour la table Club
INSERT INTO Club (nomClub, adresse, numTelephone, nombreAdherents, ville, departement, region)
VALUES
    ('DessinDuMonde', 'Boulevard Jean Janneteau', '0245763598', 10, 'Angers', 'Maine-et-Loire', 'Pays de la Loire'),
    ('QuoicouDessin', '50 Rue du cul', '0123456789', 10, 'Cholet', 'Maine-et-Loire', 'Pays de la Loire'),
    ('Club Nantais', '12 Quai des Machines', '7964153685', 10, 'Nantes', 'Loire-Atlantique', 'Pays de la Loire'),
    ('MathsEtDessin', '7 impasse de Michel', '5876314445', 10, 'Saint-Nazaire', 'Loire-Atlantique', 'Pays de la Loire'),

    -- Île-de-France
    ('Club Parisien', '10 Rue de la Seine', '9876543210', 10, 'Neuilly-sur-Seine', 'Hauts-de-Seine', 'Île-de-France'),
    ('CaDessineOuuuuu?', '5 impasse de Caronde', '5789364520', 10, 'Boulogne-Billancourt', 'Hauts-de-Seine', 'Île-de-France'),
    ('ClubPasDeFoot', '54 Avenue Richard', '2345678901', 10, 'Meaux', 'Seine-et-Marne', 'Île-de-France'),
    ('FCDessin', '17 Rue Salaun', '7894567854', 10, 'Melun', 'Seine-et-Marne', 'Île-de-France'),

    -- Auvergne-Rhône-Alpes
    ('Club Lyonnais', '23 Rue des Bouchons', '1235796190', 10, 'Lyon', 'Rhône', 'Auvergne-Rhône-Alpes'),
    ('YAYAYAYA', '17 lieu dit du Guitet', '1234567890', 10, 'Villeurbanne', 'Rhône', 'Auvergne-Rhône-Alpes'),
    ('Anne-Si !', '8 Rue du proute', '2340002501', 10, 'Annecy', 'Haute-Savoie', 'Auvergne-Rhône-Alpes'),
    ('AnneMasseMoiLeDos', '7 Boulevard Emile-Louis', '2345678901', 10, 'Annemasse', 'Haute-Savoie', 'Auvergne-Rhône-Alpes'),

    -- Provence-Alpes-Côte d'Azur
    ('DROIT AU BUT', '5 Boulevard du Vieux-Port', '5677899934', 10, 'Marseille', 'Bouches-du-Rhône', 'Provence-Alpes-Côte dAzur'),
    ('Dessine en Provence', '4 Rue du Pastis', '5678781234', 10, 'Aix-en-Provence', 'Bouches-du-Rhône', 'Provence-Alpes-Côte dAzur'),
    ('Les Aigles Ont La Chaire De Poule', '21 Promenade des Pissenlits', '7811123456', 10, 'Nice', 'Alpes-Maritimes', 'Provence-Alpes-Côte dAzur'),
    ('CaDefileOuuuu?', '1 Boulevard du tapis rouge', '7890123866', 10, 'Cannes', 'Alpes-Maritimes', 'Provence-Alpes-Côte dAzur');


-- Insertion pour la table Utilisateur
INSERT INTO Utilisateur (nom, prenom, adresse, dateDeNaissance, nationalite, login, motDePasse, numClub)
VALUES
    
('Sharon','Cruyssen','Niort','1985-05-06','France','cruyssen','KZ735XS',1),
('Kennan','De Witte','Vannes','2001-08-17','France','kennan7286','HP260RK',1),
('Orlando','Brisbois','Wattrelos','1998-02-25','France','brisbois','KH567EW',1),
('Ryder','Hoedemaker','Le Puy-en-Velay','2004-06-28','France','hoedemaker67','NR372NF',1),
('Samuel','Achthoven','Ajaccio','1993-02-24','France','achthoven7070','DW353ZO',1),
('Todd','Aarle','Bastia','1995-08-30','France','todd8298','HB446IP',1),
('Neville','Kappel','Saint-Nazaire','2011-11-29','France','nevill_kappel568','AS318JE',1),
('Aline','Bouwmeester','Colmar','2012-06-01','France','b_aline','KD518RE',1),
('Devin','Spijker','Montreuil','2001-07-29','France','spijker','BI537FV',1),
('Amos','Haanraads','Pau','1986-09-11','France','a_haanraads8210','OZ262EB',1),
('Lucas','Tailler','Nîmes','1989-09-21','France','l_tailler','SB255GQ',1),
('Kuame','Chevalier','Strasbourg','1994-03-07','France','k_chevalier4720','KQ218HS',1),
('Edward','Plamondon','Saint-Brieuc','1982-03-11','France','edward_plamondon','VG645JM',1),
('Alana','Villenueve','Bègles','1985-09-15','France','villenueve541','PT244OK',1),
('Stacy','Bouwmeester','Dijon','2015-10-20','France','stacybouwmeester','BK567VK',1),
('Gemma','Proulx','Aix-en-Provence','1993-07-08','France','proulx','KE845VG',1),
('Alma','Gagneux','Chalons-en-Champagne','2004-03-30','France','alma','KL166XR',1),
('Basia','Brisbois','Vandoeuvre-lès-Nancy','2014-09-18','France','brisbois_basia','DL824EU',1),
('Burke','Chastain','Saint-Herblain','2004-04-17','France','chastain_burke','TW732MF',1),
('Celeste','Neuville','Aurillac','2012-03-29','France','celesteneuville','JT447SS',1),
('Talon','Holt','Moulins','1990-01-07','France','holt_talon712','YJ815YP',2),
('Madeline','Borde','Evreux','1989-10-03','France','borde_madeline9121','DX067WO',2),
('Fulton','Savatier','Tarbes','2005-08-05','France','fulton_savatier','KP486GR',2),
('Xantha','Dumont','Sète','1995-12-08','France','x_mont','EF042VX',2),
('Tanner','Fabre','Bourges','1980-11-29','France','fabre_tanner3146','LO783NG',2),
('Fritz','Lane','Caen','2004-09-13','France','f_lane4901','RX231AE',2),
('April','Mertens','Caen','2001-06-13','France','mertensapril','OS417TR',2),
('Edan','Van Aalsburg','Rodez','1998-12-23','France','vanaalsburg_edan6022','DK403LY',2),
('Darrel','Kloet','Cherbourg-Octeville','1986-06-27','France','k_darrel224','XX240RS',2),
('Iola','Koopman','Epernay','1996-02-08','France','i_koopman3008','FB333HF',2),
('Reuben','Holt','Vannes','1986-11-28','France','reuben_holt5008','YA157LS',2),
('Burton','Cloutier','Bastia','1988-08-13','France','c_burton3921','PI234GX',2),
('Kane','Rademaker','Nancy','2001-04-20','France','rademakerkane','FK523HJ',2),
('Kane','Tremblay','Pontarlier','1981-07-26','France','k_tremblay','NB170TC',2),
('Tiger','Bouwmeester','Brive-la-Gaillarde','1993-04-16','France','t_bouwmeester','JR639TT',2),
('Cassady','Chastain','Brive-la-Gaillarde','1999-03-31','France','chastaincassady6511','SA170FR',2),
('Regina','Vincent','Colmar','2004-09-26','France','vincent2427','PY538XA',2),
('Ivy','Adrichem','Moulins','2013-05-03','France','adrichem6772','MP588KY',2),
('Idola','Villenueve','Paris','2014-07-08','France','villenueve9441','JA354RQ',2),
('Darryl','Marchand','Auxerre','1987-10-09','France','marchanddarryl','JP406OS',2),
('Wing','Gagneux','Ajaccio','1990-11-01','France','gagneux6356','OY377AY',3),
('Louis','Jonker','Nancy','1987-05-06','France','jonker_louis','ZA799YI',3),
('Violet','Van Alphen','Vitry-sur-Seine','1997-06-23','France','vvanalphen5872','ER182AW',3),
('Iola','Archambault','Montluçon','2015-05-22','France','iola_archambault2003','DB802YY',3),
('Patience','Janvier','Le Puy-en-Velay','1998-12-06','France','p_janvier2417','JY611EY',3),
('Reece','Janssens','Pau','1981-02-18','France','reece_janssens','DL734WI',3),
('Sebastian','Cloutier','Bourges','1990-05-19','France','c_sebastian','DD037VS',3),
('Ahmed','Fontaine','Ajaccio','1994-10-26','France','fontaine_ahmed','ME140SC',3),
('Lucian','Villenueve','Talence','2003-05-08','France','villenueve_lucian','VG275MF',3),
('Howard','Aakster','Versailles','2003-06-03','France','a_howard5881','LH730VQ',3),
('Amela','Lemaire','Montbéliard','2002-11-21','France','alemaire','RH886PN',3),
('Vladimir','Bunschoten','Rodez','1997-09-25','France','bunschotenvladimir','EN344ZS',3),
('Frances','De Witte','Abbeville','2003-12-23','France','frances_dewitte','TY190TJ',3),
('Shelley','Lemaire','Laval','1994-12-29','France','slemaire','CT527YO',3),
('Cole','Hendrix','Albi','2013-07-24','France','c_hendrix','PV137SW',3),
('Lunea','Van Alphen','Martigues','2005-12-18','France','luneavanalphen','ET189SH',3),
('Orson','Bouwmeester','Talence','2005-06-08','France','o_bouwmeester','DY732QB',3),
('Armando','Holt','Aurillac','2004-08-09','France','aholt','XV205BG',3),
('Amos','Van Assen','Sens','2010-01-01','France','a_vanassen5992','ZR534QE',3),
('Brian','Adrichem','Toulouse','1996-04-25','France','brian_adrichem','EW286CX',3),
('Kasimir','Kappel','Dole','1999-04-12','France','kkappel6279','JY486LE',4),
('Melinda','Poulin','Vannes','1989-08-25','France','m_poulin','MA486MB',4),
('Lance','Ter Avest','Auxerre','1998-12-10','France','teravestlance','DI338PX',4),
('Rylee','Neuville','Dijon','1992-01-18','France','neuville_rylee540','EX371XE',4),
('Jerry','Cousineau','Saint-Maur-des-Fossés','2009-08-05','France','jerry_cousineau4321','OX138HD',4),
('Nerea','Lamar','Cannes','1983-02-21','France','lamar_nerea6147','IK874OR',4),
('Shelby','Berger','Le Petit-Quevilly','2006-07-10','France','berger_shelby','BY181CC',4),
('Paloma','Aarle','Saint-Nazaire','1991-12-11','France','a_paloma','ZB132QO',4),
('Hector','Fabre','Sotteville-lès-Rouen','2000-03-12','France','fabre_hector','VW548XO',4),
('Vaughan','Savatier','Montbéliard','2004-06-03','France','savatiervaughan','FT342MG',4),
('Aimee','Lemaire','Tarbes','2000-01-31','France','a_lemaire','EP071DH',4),
('Iris','Achterberg','Cherbourg-Octeville','2001-11-06','France','achterberg_iris','HP651TA',4),
('Nerea','Romeijnders','Lisieux','2002-07-07','France','rnerea','VU662UL',4),
('Kiayada','Bellamy','Angers','1997-12-09','France','kbellamy8694','KK767QE',4),
('Brian','Chastain','Poitiers','1998-12-05','France','brian_chastain6232','BS383IW',4),
('Dylan','Lamar','Caen','1980-07-27','France','l_dylan1310','VJ161CQ',4),
('Nichole','Van Der Aart','Cannes','1992-03-23','France','v_nichole','KB134UL',4),
('Anne','Aarle','Versailles','1987-04-14','France','aarle_anne','KH474CQ',4),
('Beau','Jonker','Tarbes','2014-09-05','France','b_jonker7103_','WR282EI',4),
('Burke','Elzinga','Cagnes-sur-Mer','1996-03-13','France','elzinga_burke3957','MJ275VS',4),
('Courtney','Haanraads','Aurillac','1982-03-24','France','haanraads_courtney','LS333EX',5),
('Emerson','Borde','Saint-Dié-des-Vosges','1983-06-28','France','b_emerson2371','NQ783TQ',5),
('Cole','Jonker','Sotteville-lès-Rouen','1993-08-03','France','c_jonker','EI767OD',5),
('Lesley','Peerenboom','Abbeville','1991-11-29','France','lesley_peerprout','OS398KZ',5),
('Edward','Monet','Nancy','1993-08-13','France','e_monet','NV839IH',5),
('Aquila','Duval','Bourges','1985-03-02','France','aquila_duval8456','RM413JU',5),
('Nero','Langlais','Sarreguemines','1992-02-25','France','n_langlais3721','OG365MH',5),
('Judah','Van Assen','Nantes','2010-12-02','France','judahvanassen','JB145TQ',5),
('Ulysses','Beaulieu','Dole','2010-02-09','France','beaulieu_ulysses3633','OP542NA',5),
('Charissa','Plourde','Brive-la-Gaillarde','2005-05-26','France','plourde_charissa','IV727EQ',5),
('Duncan','Van Alphen','Hérouville-Saint-Clair','1994-07-11','France','v-duncan','KJ623LG',5),
('Germaine','Heeren','Saint-Lô','1985-10-19','France','hgermaine1354','CT530HI',5),
('Blaze','Savatier','Saint-Dizier','2006-12-05','France','savatier_blaze','CR730PF',5),
('Jana','Tailler','Vandoeuvre-lès-Nancy','1984-12-10','France','tailler_jana','OO654FV',5),
('Erin','Peeters','Saumur','2009-07-13','France','erin_peeters7954','JD655NL',5),
('Elvis','Chevalier','Lanester','2013-07-17','France','c_elvis','SU553WC',5),
('Iola','De Witte','Toulouse','1988-11-24','France','dewitte_iola8401','RT638SD',5),
('Buckminster','Segal','Hérouville-Saint-Clair','1989-07-17','France','s_buckminster8998','NB522EN',5),
('Clio','Plourde','Illkirch-Graffenstaden','2000-12-06','France','clio_plourde614','KE476CC',5),
('Madaline','Kappel','La Roche-sur-Yon','2013-11-12','France','mkappel8512','OU760IC',5),
('Berk','Dubois','Versailles','2008-10-31','France','b_dubois1673','FD688KV',6),
('Hyatt','Monet','Poitiers','2002-02-21','France','m_hyatt','ZN365WF',6),
('Elaine','Villenueve','Mont-de-Marsan','1987-04-20','France','e_villenueve5484','NW174VM',6),
('Orla','Rietveld','Saint-Denis','2013-08-25','France','orlarietveld9812','MH356VP',6),
('Brynne','Chaput','La Rochelle','2008-10-15','France','c_brynne9730','KG081ZI',6),
('Heather','Tasse','Lisieux','1988-10-10','France','tasse_heather','QU661NL',6),
('Kieran','Victor','Nice','1995-12-25','France','v_kieran','PE737KY',6),
('Whoopi','Fontaine','Bergerac','2011-04-08','France','fontaine_whoopi','YC375OF',6),
('Charles','Victor','La Roche-sur-Yon','1983-04-17','France','c_victor','MY580HH',6),
('Kelly','Roggeveen','Schiltigheim','2010-01-19','France','k-roggeveen','GG779TO',6),
('Samantha','Janssens','Vitrolles','1980-11-20','France','s-janssens3929','TI824TK',6),
('Oren','Langlais','Lunel','2004-10-02','France','langlais_oren','GO780QS',6),
('Dylan','Chastain','Montpellier','1997-04-18','France','d_chastain','OE499HD',6),
('Kevin','Rademaker','Douai','2009-07-30','France','rademaker-kevin5359','LX325NY',6),
('McKenzie','Fontaine','Vernon','1996-08-01','France','m-fontaine9313','CC755FA',6),
('Wylie','Tasse','Albi','2011-04-10','France','twylie5422','KS736TC',6),
('Quinlan','Kuiper','Narbonne','1980-08-05','France','kuiper-quinlan','KH097JA',6),
('Constance','Jonker','Bastia','2010-04-09','France','jonker_constance723','NT453ZU',6),
('Basia','Prinsen','Bayonne','2006-09-14','France','prinsen_basia','XG538VW',6),
('Beau','Deforest','Epinal','2005-10-03','France','beau_deforest','WR867RZ',6),
('Xena','Cruyssen','Laon','1993-02-17','France','cruyssen_xena','NQ145PQ',7),
('Ann','Brisbois','Lisieux','2005-12-29','France','ann_brisbois287','MO362YB',7),
('Russell','Dumont','Saint-Dizier','2013-07-23','France','russell-dumont8596','DF184KE',7),
('Clark','Dam','Toulon','1985-07-26','France','dclark5111','UV498EE',7),
('Kyla','Travers','Caen','1997-01-23','France','k-travers','WJ275MR',7),
('Oprah','Koopman','Beauvais','2001-12-17','France','o_koopman','PD941DW',7),
('Derek','Gagneux','Aurillac','2014-09-09','France','gderek695','YT756NJ',7),
('Signe','Aarden','Ajaccio','2009-07-03','France','aarden_signe6001','XM301LJ',7),
('Seth','Cousineau','Montpellier','1982-06-20','France','c_seth357','UH000QW',7),
('Ryan','Baardwijk','Rouen','1986-07-29','France','bryan','ZF345BD',7),
('Debra','Smet','Ajaccio','1986-01-28','France','sdebra622','GG228AO',7),
('Geraldine','Dubois','Chalons-en-Champagne','1988-07-07','France','dubois_geraldine1091','ED274VS',7),
('Penelope','Leroux','Lisieux','1998-10-08','France','p_leroux','FC596TE',7),
('Stewart','Plamondon','Brive-la-Gaillarde','1995-09-24','France','s_plamondon','YH777OC',7),
('Flynn','Romeijnders','Brest','1999-07-21','France','r-flynn1957','IL135QY',7),
('Porter','Royer','Vandoeuvre-lès-Nancy','2002-09-21','France','p-royer','BJ475QU',7),
('Nyssa','Roggeveen','Troyes','2001-06-02','France','n-roggeveen','QH155JM',7),
('September','Eikenboom','Montluçon','2014-09-22','France','september_eikenboom2258','TG774BL',7),
('Ezra','Beauchene','Joué-lès-Tours','1982-02-06','France','ezra_beauchene5367','SO524AN',7),
('Samantha','Tremble','Béziers','2002-04-25','France','samantha_tremble1726','JW202ED',7),
('Alec','Baardwijk','Levallois-Perret','2001-02-18','France','a_baardwijk5782','RK768VV',8),
('Holmes','Smet','Mulhouse','1998-08-26','France','holmes-smet','IY712RP',8),
('Clinton','Neuville','Tarbes','1988-12-30','France','c-neuville','YJ284SI',8),
('Zachary','Holt','Istres','1989-06-05','France','z_holt2292','OC215GD',8),
('Luke','Lamar','Troyes','1981-01-10','France','l-lamar','KQ386HN',8),
('Holmes','Hagen','Ajaccio','1985-08-21','France','h-hagen','OF053NO',8),
('Ulric','Lane','Saint-Dié-des-Vosges','1999-04-30','France','lane-ulric9271','XI369PZ',8),
('Barclay','Lachapelle','Montluçon','2002-09-12','France','b_lachapelle7477','KE759II',8),
('Sawyer','Elzinga','Carcassonne','1986-06-10','France','elzinga-sawyer','XK135HE',8),
('Belle','Poulin','La Roche-sur-Yon','1993-07-03','France','p_belle','BY680OW',8),
('Travis','Royer','Pontarlier','2013-10-30','France','royer_travis5135','EG250EG',8),
('Gregory','Bellamy','Courbevoie','1984-04-07','France','b-gregory','NY574BE',8),
('Burke','Gagneux','Beauvais','2013-10-02','France','gagneux-burke1434','PU426MW',8),
('Veda','Hoedemaker','Créteil','2010-08-25','France','v_hoedemaker@outlook.edu','DD723CR',8),
('Mari','Neuville','Chatellerault','1981-03-03','France','neuville-mari2789@outlook.net','QE435YB',8),
('Igor','Holt','Saint-Maur-des-Fossés','1985-06-24','France','iholt@icloud.edu','GL285GL',8),
('Russell','Aarle','Chalons-en-Champagne','1984-09-09','France','aarle.russell@icloud.org','NU646HQ',8),
('Silas','Tremblay','Chatellerault','1987-04-19','France','stremblay@outlook.ca','LJ366YK',8),
('Gil','Elzinga','Bègles','1994-08-19','France','g-elzinga@hotmail.edu','GI404KV',8),
('Myles','Aarle','Besançon','1991-06-12','France','myles.aarle@outlook.org','DA463JL',8),
('Craig','Garcon','Rezé','2008-09-22','France','craiggarcon6137@outlook.com','DP418CJ',9),
('Fuller','Bezuindenhout','Le Mans','2004-03-26','France','b_fuller@google.org','WP387DG',9),
('Aphrodite','Maes','Rezé','1990-07-09','France','a-maes3152@hotmail.ca','RT742OW',9),
('Eleanor','Heeren','Agen','1992-06-11','France','heeren_eleanor@protonmail.net','WU367RJ',9),
('Britanni','Bezuindenhout','Béziers','1996-03-15','France','bbezuindenhout@google.net','JI673BD',9),
('Lionel','Kloet','Saint-Lô','2008-06-04','France','kloet.lionel@hotmail.com','MP442CK',9),
('Paula','Roggeveen','Lille','1982-01-13','France','paula.roggeveen7661@protonmail.org','QP748DM',9),
('Belle','Van Aalsburg','Ajaccio','2008-12-07','France','bvanaalsburg3593@protonmail.org','QI277YY',9),
('Stephen','Langlais','Champigny-sur-Marne','2012-06-07','France','slanglais@hotmail.com','HJ487OM',9),
('Odysseus','Garcon','Moulins','1995-07-01','France','garcon.odysseus4201@protonmail.edu','OM596RC',9),
('Odessa','Beaulieu','Pessac','1985-06-01','France','o_beaulieu@aol.edu','OW018MV',9),
('Jenette','Berg','Dole','1992-02-23','France','berg_jenette@protonmail.ca','DQ867NR',9),
('Camille','Van Alphen','Sens','1990-03-05','France','camille.vanalphen@yahoo.org','OR644TW',9),
('Isadora','Hendrix','Soissons','2013-01-06','France','h_isadora2583@hotmail.edu','NJ010IO',9),
('Tucker','Aarle','Nancy','2001-12-18','France','t-aarle563@outlook.ca','EC247GG',9),
('Bruce','Neuville','Drancy','2007-03-05','France','neuville.bruce@aol.net','TP576GP',9),
('Libby','Bouwmeester','Orléans','1997-11-09','France','libby-bouwmeester1744@google.edu','OV206OR',9),
('Laith','Heeren','Alençon','1982-07-25','France','hlaith@yahoo.couk','KG427RT',9),
('Declan','Aaldenberg','Saint-Médard-en-Jalles','2001-12-20','France','aaldenberg-declan@icloud.ca','BW658OS',9),
('Ashton','Proulx','Douai','2012-07-07','France','ashton.proulx@hotmail.com','DQ416LX',10),
('Anthony','Petit','Beauvais','1981-09-14','France','petit-anthony1743@icloud.net','RE892CY',10),
('Ciaran','Elzinga','Rouen','1983-04-27','France','c_elzinga@outlook.ca','KI724HX',10),
('George','Smet','Chateauroux','1985-05-16','France','g-smet9483@outlook.couk','IT677XH',10),
('Edward','Dumont','Limoges','2003-03-08','France','edward_dumont@outlook.com','SJ524SO',10),
('Oprah','Gagneux','Limoges','2013-11-03','France','o_gagneux4762@google.net','IE275EU',10),
('Rajah','Aaldenberg','Saint-Lô','1986-03-22','France','r_aaldenberg@outlook.org','RC835MB',10),
('Karleigh','Chastain','Mont-de-Marsan','2004-02-13','France','ckarleigh@hotmail.ca','ZH386QF',10),
('Ruby','Van Assen','Charleville-Mézières','2006-04-15','France','v-ruby@aol.org','XE176JW',10),
('Madeson','Royer','Clermont-Ferrand','2007-09-16','France','royer_madeson1660@yahoo.couk','QF751HL',10),
('Evelyn','Villenueve','Montigny-lès-Metz','2000-07-18','France','villenueve-evelyn3880@yahoo.com','FM787NK',10),
('Colorado','Klein','Le Petit-Quevilly','2006-11-09','France','c-klein@hotmail.net','PM421IK',10),
('Quin','Achterberg','Bastia','1981-08-06','France','a_quin@hotmail.net','BN883JN',10),
('Jin','Heeren','Champigny-sur-Marne','1994-01-02','France','jinheeren5602@google.edu','GN483QR',10),
('Emi','Neuville','Blois','1999-07-28','France','neuvilleemi@google.org','UI775IS',10),
('Acton','Aaldenberg','Ajaccio','1985-01-23','France','aaldenbergacton@protonmail.com','YI311CE',10),
('Hedwig','Boivin','Perpignan','1996-07-24','France','h_boivin646@outlook.com','NI303XK',10),
('Samantha','Archambault','Moulins','1996-06-04','France','archambault.samantha@aol.couk','KD078JU',10),
('Oscar','Aaldenberg','Nice','1980-10-11','France','aaldenbergoscar@google.edu','QB608UB',10),
('Lael','Lachapelle','Evreux','1992-10-15','France','l-lachapelle3341@yahoo.couk','AX140TX',10),
('Georgia','Van Aalsburg','Troyes','2010-11-20','France','vanaalsburg.georgia707@hotmail.edu','VK158CK',10),
('Sylvia','Lavigne','Angoulème','2000-04-23','France','sylvia-lavigne@google.org','OU353JK',11),
('Hilel','Rietveld','Aurillac','1980-08-21','France','rietveldhilel@yahoo.com','PM258CG',11),
('Ann','Eikenboom','Forbach','2012-04-03','France','eikenboom.ann@yahoo.net','BP915WB',11),
('Amanda','Maes','Rennes','2015-07-27','France','amanda_maes8092@aol.net','RL667CE',11),
('Garrett','Peeters','Villenave-d''Ornon','1980-05-18','France','g.peeters@google.couk','FK866HP',11),
('Uriel','Van Assen','Rennes','2008-12-05','France','u-vanassen@outlook.couk','UE577XK',11),
('Reagan','Villenueve','Le Petit-Quevilly','1987-05-03','France','villenuevereagan3210@protonmail.ca','XM732MR',11),
('Marah','Klein','Ajaccio','1999-04-18','France','marah_klein@icloud.ca','KU597NI',11),
('Barry','Spijker','Haguenau','1988-08-14','France','barryspijker6116@protonmail.ca','QQ223JG',11),
('Hammett','Berg','Martigues','1990-08-09','France','hammett-berg1935@outlook.edu','SJ094QI',11),
('Vivian','Kloet','Mérignac','2010-04-27','France','vivian-kloet@yahoo.org','LB311LE',11),
('Axel','Aaldenberg','Saumur','2004-11-17','France','a.aaldenberg7126@aol.org','VL283ZY',11),
('Castor','Offermans','Villenave-d''Ornon','2008-06-30','France','c.offermans@yahoo.couk','BD212IN',11),
('Richard','Van Alphen','Macon','1999-05-03','France','v.richard@aol.ca','NN386EL',11),
('Solomon','Villenueve','Aurillac','1980-07-16','France','svillenueve@google.edu','SB757XB',11),
('Catherine','Leroux','Evreux','1999-03-11','France','catherine-leroux8345@yahoo.com','DY096OK',11),
('Thor','Dumont','Belfort','1980-10-05','France','dumont-thor@icloud.com','ME735OC',11),
('Amal','Rietveld','Pessac','1988-08-19','France','amal.rietveld@google.couk','IF567CP',11),
('Emmanuel','Archambault','Troyes','1992-02-05','France','archambault.emmanuel@aol.net','DH612KP',11),
('Brendan','Gagneux','Bergerac','1986-04-16','France','brendan-gagneux6032@protonmail.couk','KH703VP',12),
('Samson','Dubois','Soissons','1994-09-29','France','s_dubois@yahoo.com','WS145XW',12),
('Christian','Haanraads','Cagnes-sur-Mer','2005-01-19','France','c-haanraads@google.couk','KY637DN',12),
('Zenia','Blanc','La Rochelle','1985-12-09','France','z-blanc@yahoo.org','OY854EC',12),
('Anika','Geelen','La Rochelle','1986-06-17','France','geelen_anika6772@hotmail.net','HH014VC',12),
('Keely','Peerenboom','Blois','2004-08-01','France','peerenboom-keely@icloud.couk','XE745QC',12),
('Eve','Chastain','Montigny-lès-Metz','1994-04-09','France','echastain505@aol.ca','IF684EO',12),
('Nina','Boivin','Narbonne','1988-06-06','France','b_nina5693@google.edu','KV488HF',12),
('Roth','Kappel','Saint-Herblain','1980-06-12','France','r_kappel@protonmail.couk','HJ367OM',12),
('Keefe','Blanc','Cholet','1991-06-30','France','k-blanc6287@protonmail.couk','WS871EO',12),
('Leah','Hendrix','Saint-Dizier','1980-06-29','France','hleah8696@hotmail.org','XE929QV',12),
('Kenyon','Eikenboom','Cherbourg-Octeville','1999-05-03','France','ekenyon9596@aol.org','XF748RT',12),
('Magee','Maes','Bordeaux','2009-06-18','France','mmaes4460@icloud.couk','KB383WP',12),
('Raven','Bouwmeester','Clermont-Ferrand','1997-03-14','France','bouwmeester.raven7535@protonmail.com','JU617HG',12),
('Jessamine','De Witte','Saint-Dié-des-Vosges','2015-06-14','France','jessamine_dewitte@yahoo.edu','JQ386RV',12),
('Illana','Spijker','Perpignan','2015-10-14','France','i-spijker@hotmail.net','VZ790NB',12),
('Yen','Bezuindenhout','Saint-Etienne-du-Rouvray','1992-12-15','France','bezuindenhout.yen1194@google.ca','XJ292DJ',12),
('Avram','Romeijnders','La Seyne-sur-Mer','1996-11-03','France','a-romeijnders@outlook.org','HA134VE',12),
('Molly','Langlais','Reims','2008-09-07','France','m.langlais@icloud.net','AO697YG',12),
('Harding','Van Aalsburg','Bastia','1985-01-28','France','vanaalsburg-harding1247@hotmail.ca','PB942JO',12),
('Avram','Jonker','Chartres','2000-09-13','France','a_jonker2569@protonmail.com','ZU154HW',13),
('Duncan','Hendrix','Montluçon','2004-12-25','France','d-hendrix@aol.ca','BN727VG',13),
('Quentin','Dubois','Sarreguemines','2002-03-23','France','q.dubois@protonmail.com','GL777YO',13),
('Rhiannon','Tasse','Angers','2009-07-25','France','tasse-rhiannon7941@aol.edu','WS169VG',13),
('Ruth','Eikenboom','Brive-la-Gaillarde','2006-11-06','France','reikenboom@outlook.couk','RJ254VR',13),
('Indira','Poirier','Pontarlier','2007-04-11','France','poirier.indira14@protonmail.edu','RH198WJ',13),
('Tiger','Cruyssen','Boulogne-Billancourt','2015-02-16','France','cruyssen_tiger@hotmail.edu','VM465OP',13),
('Austin','Travers','Antibes','1989-08-12','France','a_travers1509@outlook.net','BE261JJ',13),
('Rose','Cruyssen','Chatellerault','1991-06-10','France','rcruyssen@hotmail.org','RV884GO',13),
('Anthony','Bouwmeester','Saint-Nazaire','2013-08-28','France','anthonybouwmeester@yahoo.org','RR344IC',13),
('Buckminster','Mertens','Poitiers','1995-05-09','France','mertens_buckminster@protonmail.net','JC152YC',13),
('Berk','Brisbois','Le Puy-en-Velay','2000-06-05','France','b_brisbois8506@google.net','YM653SF',13),
('Joan','Deforest','Mulhouse','2008-04-04','France','j-deforest@hotmail.org','RG789NB',13),
('Merritt','Bezuindenhout','Perpignan','2011-08-08','France','m_bezuindenhout6350@hotmail.ca','PS837RC',13),
('Bree','Maes','Metz','2013-07-21','France','b-maes9855@google.edu','DK647PX',13),
('Cade','Holt','Bègles','1993-04-19','France','c.holt@protonmail.com','KG281TA',13),
('Gannon','Eikenboom','Le Petit-Quevilly','2015-08-03','France','eikenboom.gannon1621@hotmail.ca','BC357SJ',13),
('Malachi','Hagen','Sens','2013-07-22','France','malachihagen@google.edu','GT852CL',13),
('Imani','Offermans','Rodez','1995-11-07','France','ioffermans1440@hotmail.com','UQ612MP',13),
('Cassandra','Rietveld','Maubeuge','1992-02-07','France','c_rietveld@google.ca','BM316JS',13),
('Colette','Cloutier','Nîmes','2010-06-29','France','c.cloutier9814@aol.com','XC013DX',14),
('Martina','Bellamy','Sens','2007-04-28','France','mbellamy4501@google.net','BY143QF',14),
('Danielle','Fontaine','Tours','1982-03-27','France','fontaine-danielle4270@hotmail.com','XI167PG',14),
('Raphael','Van Assen','La Roche-sur-Yon','1999-03-25','France','r-vanassen9523@aol.edu','CJ354PW',14),
('Vaughan','Marchand','Montigny-lès-Metz','1993-02-07','France','marchand-vaughan@icloud.org','KB724HG',14),
('Nell','Holt','Abbeville','1981-09-22','France','n_holt3243@google.couk','TI172KP',14),
('Janna','Lavigne','Brive-la-Gaillarde','1992-11-10','France','jlavigne@hotmail.edu','LS484NF',14),
('Reece','Duval','Bastia','2014-06-10','France','reece.duval@aol.ca','RU328LO',14),
('Sybil','Achterberg','Saint-Dis-des-Vosges','1987-03-20','France','sachterberg@aol.couk','GY198GI',14),
('Rigel','Dumont','Nancy','1986-04-21','France','dumont.rigel@protonmail.com','IL368JI',14),
('Grant','Leroux','Beauvais','1991-05-25','France','g.leroux6873@icloud.org','NV496TQ',14),
('Tucker','Hoedemaker','Saint-Louis','2001-09-04','France','t_hoedemaker@outlook.org','GN187CC',14),
('Winter','Plamondon','Liévin','1988-10-25','France','w.plamondon@outlook.org','CW540PU',14),
('Matthew','Blanc','Rodez','2002-10-21','France','mblanc@hotmail.com','AS108PA',14),
('Cole','Neuville','Laval','1989-07-29','France','neuville.cole@google.com','YB091ER',14),
('Howard','Peeters','Le Puy-en-Velay','1982-12-07','France','howard-peeters@aol.couk','DV310BC',14),
('Ross','Klein','Ajaccio','1985-08-22','France','rklein5073@aol.edu','GW642JD',14),
('Chase','Deforest','Macon','2002-01-08','France','cdeforest@aol.net','KW222HE',14),
('Priscilla','Hendrix','Saint-Malo','2012-03-01','France','h_priscilla@yahoo.couk','KW101GC',14),
('Stuart','Aarden','Laon','1991-10-10','France','aardenstuart2672@protonmail.couk','YO503ZD',14),
('Griffin','Van Der Aart','Blois','1987-07-28','France','vanderaart.griffin@hotmail.edu','SZ726CT',15),
('Rama','Brisbois','Macon','1985-06-05','France','r-brisbois@yahoo.edu','AF166EV',15),
('Shelby','Achthoven','Paris','2000-12-03','France','achthoven_shelby5884@outlook.ca','AO714JX',15),
('Ferris','Poulin','Noisy-le-Grand','1981-11-05','France','f-poulin7705@icloud.couk','IV735DI',15),
('Hannah','Cloutier','Le Puy-en-Velay','1984-04-10','France','h_cloutier@google.net','QX814KK',15),
('Stone','De Witte','La Rochelle','1986-10-04','France','dewittestone3795@google.com','VB155QU',15),
('Destiny','Van Assen','Lanester','2006-02-19','France','vanassen_destiny3169@icloud.ca','GT337VM',15),
('Josiah','Offermans','Cannes','1995-02-09','France','offermansjosiah54@outlook.net','SB827WF',15),
('Adrienne','Lachapelle','Auxerre','1994-07-21','France','lachapelleadrienne@yahoo.org','NH417BS',15),
('Rinah','Haak','Pontarlier','1992-05-17','France','haakrinah3686@google.net','SS231RO',15),
('Aurora','Tremblay','Soissons','2006-02-26','France','taurora1273@protonmail.net','VE781UF',15),
('Hedy','Victor','Macon','1995-09-29','France','victor_hedy@protonmail.ca','UR659VQ',15),
('Harding','Plamondon','Caen','1998-10-24','France','plamondonharding3097@yahoo.com','VO376DX',15),
('Ulysses','Kloet','Lunel','2005-06-11','France','u-kloet253@hotmail.couk','TD151GI',15),
('Nyssa','Adrichem','Aurillac','1991-03-13','France','n-adrichem@yahoo.org','XW481BS',15),
('Lunea','Maes','Evreux','1988-05-03','France','l_maes3746@protonmail.ca','MK023UZ',15),
('Zachary','Ter Avest','Colombes','1984-11-27','France','teravest-zachary8588@icloud.org','EI285QH',15),
('Hamish','Dumont','Auxerre','2011-07-20','France','dumont-hamish@yahoo.ca','YE607XW',15),
('Kieran','Plamondon','Mulhouse','2000-02-05','France','k.plamondon@protonmail.edu','DY195YO',15),
('Darryl','Smet','Nantes','1983-06-16','France','smet-darryl3539@google.net','LS903YW',15),
('Whoopi','Garcon','Evreux','2000-01-03','France','w-garcon@protonmail.net','CO848RL',16),
('August','Holt','Colombes','1993-03-19','France','holt_august2213@icloud.couk','BK603WE',16),
('Darius','Aakster','Perpignan','2010-10-26','France','d_aakster@protonmail.ca','UX784HZ',16),
('Jolie','Berger','Thionville','1983-11-30','France','j-berger7612@hotmail.couk','CE542TN',16),
('Hasad','Proulx','Béziers','2013-12-30','France','h.proulx2649@icloud.ca','LY419TV',16),
('Noelani','Fontaine','Périgueux','1990-12-22','France','n_fontaine@google.com','NG403AI',16),
('Carter','Fabre','Mont-de-Marsan','2012-02-02','France','carterfabre@hotmail.edu','KD872SC',16),
('Kennedy','Janvier','Abbeville','1991-03-29','France','janvier-kennedy9635@aol.ca','EY236YB',16),
('Stacey','Bellamy','Saint-Herblain','2002-06-06','France','s-bellamy@protonmail.couk','MB588FG',16),
('Curran','Kuiper','Argenteuil','1996-10-09','France','kuipercurran8644@icloud.net','CQ932TY',16),
('Neville','Ter Avest','Creil','1996-07-17','France','teravest-neville@hotmail.org','IL721BI',16),
('Ignatius','Bakhuizen','Lanester','2004-07-11','France','b-ignatius@aol.com','SC195WB',16),
('Benedict','Achterberg','Dieppe','2011-05-23','France','a.benedict@protonmail.net','PJ030IB',16),
('Aaron','Savatier','Vandoeuvre-lès-Nancy','1994-11-01','France','aaron-savatier@protonmail.edu','VE797TP',16),
('Jamal','Eikenboom','Nevers','1986-12-15','France','j_eikenboom1994@aol.com','DZ524VX',16),
('Petra','Koopman','Bastia','2006-06-04','France','k.petra41@protonmail.couk','XN184IQ',16),
('Ian','Lamar','Tours','2008-12-14','France','l-ian@hotmail.ca','HV738QJ',16),
('Ivan','Blanc','Carcassonne','1982-12-02','France','i-blanc@aol.net','TH278KN',16),
('Xena','Bellamy','Lunel','1994-03-17','France','xena.bellamy6840@icloud.org','EU178DC',16),
('Abigail','Proulx','Chateauroux','1993-03-07','France','abigailproulx@icloud.net','AV128VB',16),
('Mikayla','Bouwmeester','Chartres','1990-11-25','France','bouwmeester.mikayla@icloud.couk','YL652FT',16);


-- Insertion pour la table Concours
INSERT INTO Concours (theme, dateDebut, dateFin, dateCreation, etat, recompenses)
VALUES
    -- Concours 2022
    ('Futurisme', '2022-01-01', '2022-03-01', '2022-01-01', 'evalue', 'Voyage au Maldives'),
    ('Nature abstraite', '2022-04-01', '2022-06-01', '2022-01-01', 'evalue', 'Crayon'),
    ('Voyages imaginaires', '2022-07-01', '2022-09-01', '2022-01-01', 'evalue', 'Lambo'),
    ('Portraits expressifs', '2022-10-01', '2022-12-01', '2022-01-01', 'evalue', 'Villa'),
    -- Concours 2023
    ('Juxtaposition de cultures', '2023-01-01', '2023-03-01', '2023-01-01', 'evalue', '100 euros'),
    ('Faune fantastique', '2023-04-01', '2023-06-01', '2023-01-01','evalue', '200 euros'),
    ('Rêves et cauchemars', '2023-07-01', '2023-09-01', '2023-01-01','evalue',  '300 euros'),
    ('Abstraction géométrique', '2023-10-01', '2023-12-01', '2023-01-01', 'evalue', '400 euros'),
    -- Concours 2024
    ('Art Nouveau', '2024-01-01', '2024-03-01', '2024-01-01', 'en cours', 'Voyage aux Caraïbes'),
    ('Pop Art', '2024-04-01', '2024-06-01', '2024-01-01', 'pas commencé', 'Merco');


-- Insertion pour la table Président
INSERT INTO President (numPresident, numConcours, prime)
VALUES
    (1, 1, 5000),
    (21, 2, 4000),
    (41, 3, 3000),
    (61, 4, 40000),
    (81, 5, 500),
    (101, 6, 5),
    (121, 7, 10),
    (141, 8, 50),
    (161, 9, 100),
    (181, 10, 1000);



-- Insertion pour la table Administrateur
INSERT INTO Administrateur (numAdministrateur, dateDebut)
VALUES
    (1, '2009-01-01');


-- Insertion pour la table Directeur
INSERT INTO Directeur (numDirecteur, dateDebut)
VALUES
    (1, '2024-01-01'),
    (21, '2024-01-15'),
    (41, '2023-10-21'),
    (61, '2023-02-02'),
    (81, '2023-05-14'),
    (101, '2023-12-25'),
    (121, '2023-08-31'),
    (141, '2023-07-28'),
    (161, '2022-11-11'),
    (181, '2022-10-16'),
    (201, '2022-03-04'),
    (221, '2022-04-30'),
    (241, '2022-08-09'),
    (261, '2022-12-20'),
    (281, '2021-09-19'),
    (301, '2021-02-17');

-- Insertion pour la table Competiteur
INSERT INTO Competiteur (numCompetiteur, datePremiereParticipation, specialite)
VALUES
    (1,'2024-02-22','Pop Art'),
    (2,'2024-01-16','Minimalisme'),
    (3,'2024-02-23','Steampunk'),
    (4,'2024-02-22','Steampunk'),
    (5,'2024-02-17','Steampunk'),
    (6,'2024-01-12','Pop Art'),
    (7,'2024-02-04','Art Nouveau'),
    (8,'2024-01-12','Pop Art'),
    (9,'2024-01-27','Futurisme'),
    (10,'2024-01-06','Pop Art'),
    (11,'2024-01-18','Minimalisme'),
    (12,'2024-01-13','Steampunk'),
    (13,'2024-02-13','Futurisme'),
    (14,'2024-01-19','Art Nouveau'),
    (15,'2024-02-04','Steampunk'),
    (16,'2024-01-30','Art Nouveau'),
    (17,'2024-02-08','Futurisme'),
    (18,'2024-01-21','Pop Art'),
    (19,'2024-01-01','Steampunk'),
    (20,'2024-01-20','Art Nouveau'),
    (21,'2024-01-30','Futurisme'),
    (22,'2024-02-07','Art Nouveau'),
    (23,'2024-02-17','Futurisme'),
    (24,'2024-01-27','Pop Art'),
    (25,'2024-02-28','Pop Art'),
    (26,'2024-02-12','Pop Art'),
    (27,'2024-01-29','Steampunk'),
    (28,'2024-02-28','Minimalisme'),
    (29,'2024-02-05','Futurisme'),
    (30,'2024-02-05','Minimalisme'),
    (31,'2024-01-24','Minimalisme'),
    (32,'2024-01-05','Steampunk'),
    (33,'2024-01-01','Art Nouveau'),
    (34,'2024-02-09','Futurisme'),
    (35,'2024-02-28','Pop Art'),
    (36,'2024-01-14','Art Nouveau'),
    (37,'2024-01-13','Art Nouveau'),
    (38,'2024-02-24','Pop Art'),
    (39,'2024-01-20','Pop Art'),
    (40,'2024-01-01','Futurisme'),
    (41,'2024-01-17','Futurisme'),
    (42,'2024-01-29','Art Nouveau'),
    (43,'2024-01-10','Pop Art'),
    (44,'2024-02-08','Pop Art'),
    (45,'2024-01-27','Steampunk'),
    (46,'2024-02-07','Minimalisme'),
    (47,'2024-02-19','Pop Art'),
    (48,'2024-01-12','Pop Art'),
    (49,'2024-01-18','Futurisme'),
    (50,'2024-02-22','Art Nouveau'),
    (51,'2024-01-14','Futurisme'),
    (52,'2024-02-21','Steampunk'),
    (53,'2024-01-25','Steampunk'),
    (54,'2024-01-12','Steampunk'),
    (55,'2024-02-04','Art Nouveau'),
    (56,'2024-01-29','Steampunk'),
    (57,'2024-02-29','Art Nouveau'),
    (58,'2024-01-24','Minimalisme'),
    (59,'2024-01-28','Art Nouveau'),
    (60,'2024-01-07','Futurisme'),
    (61,'2024-02-21','Pop Art'),
    (62,'2024-01-22','Steampunk'),
    (63,'2024-01-19','Minimalisme'),
    (64,'2024-01-16','Futurisme'),
    (65,'2024-01-12','Minimalisme'),
    (66,'2024-02-14','Pop Art'),
    (67,'2024-01-18','Futurisme'),
    (68,'2024-01-28','Art Nouveau'),
    (69,'2024-01-03','Pop Art'),
    (70,'2024-02-04','Futurisme'),
    (71,'2024-02-07','Futurisme'),
    (72,'2024-02-11','Futurisme'),
    (73,'2024-02-26','Minimalisme'),
    (74,'2024-02-16','Pop Art'),
    (75,'2024-01-03','Minimalisme'),
    (76,'2024-02-03','Pop Art'),
    (77,'2024-02-17','Minimalisme'),
    (78,'2024-02-28','Art Nouveau'),
    (79,'2024-02-08','Steampunk'),
    (80,'2024-02-28','Steampunk'),
    (81,'2024-02-14','Futurisme'),
    (82,'2024-01-14','Steampunk'),
    (83,'2024-02-21','Steampunk'),
    (84,'2024-01-22','Art Nouveau'),
    (85,'2024-02-01','Art Nouveau'),
    (86,'2024-01-06','Futurisme'),
    (87,'2024-01-02','Steampunk'),
    (88,'2024-02-28','Minimalisme'),
    (89,'2024-02-19','Minimalisme'),
    (90,'2024-01-22','Futurisme'),
    (91,'2024-01-27','Pop Art'),
    (92,'2024-01-28','Futurisme'),
    (93,'2024-02-20','Pop Art'),
    (94,'2024-02-03','Futurisme'),
    (95,'2024-01-07','Art Nouveau'),
    (96,'2024-02-15','Futurisme'),
    (97,'2024-01-12','Minimalisme'),
    (98,'2024-02-04','Art Nouveau'),
    (99,'2024-01-28','Art Nouveau'),
    (100,'2024-01-17','Futurisme'),
    (101,'2024-02-18','Futurisme'),
    (102,'2024-02-14','Futurisme'),
    (103,'2024-02-01','Futurisme'),
    (104,'2024-01-13','Minimalisme'),
    (105,'2024-01-13','Futurisme'),
    (106,'2024-01-15','Futurisme'),
    (107,'2024-01-02','Art Nouveau'),
    (108,'2024-02-09','Futurisme'),
    (109,'2024-01-13','Minimalisme'),
    (110,'2024-01-10','Pop Art'),
    (111,'2024-01-26','Pop Art'),
    (112,'2024-02-28','Futurisme'),
    (113,'2024-02-17','Minimalisme'),
    (114,'2024-02-07','Futurisme'),
    (115,'2024-01-28','Art Nouveau'),
    (116,'2024-01-17','Steampunk'),
    (117,'2024-01-25','Steampunk'),
    (118,'2024-01-24','Pop Art'),
    (119,'2024-01-02','Art Nouveau'),
    (120,'2024-01-18','Minimalisme'),
    (121,'2024-01-23','Minimalisme'),
    (122,'2024-02-23','Art Nouveau'),
    (123,'2024-02-24','Futurisme'),
    (124,'2024-01-18','Art Nouveau'),
    (125,'2024-02-03','Minimalisme'),
    (126,'2024-01-20','Minimalisme'),
    (127,'2024-02-16','Minimalisme'),
    (128,'2024-01-05','Steampunk'),
    (129,'2024-02-25','Art Nouveau'),
    (130,'2024-01-25','Minimalisme'),
    (131,'2024-02-25','Art Nouveau'),
    (132,'2024-01-31','Minimalisme'),
    (133,'2024-02-04','Futurisme'),
    (134,'2024-01-21','Pop Art'),
    (135,'2024-01-01','Minimalisme'),
    (136,'2024-02-08','Pop Art'),
    (137,'2024-01-27','Art Nouveau'),
    (138,'2024-01-05','Futurisme'),
    (139,'2024-02-16','Futurisme'),
    (140,'2024-01-18','Minimalisme'),
    (141,'2024-01-24','Pop Art'),
    (142,'2024-01-16','Art Nouveau'),
    (143,'2024-02-24','Pop Art'),
    (144,'2024-01-22','Art Nouveau'),
    (145,'2024-02-08','Pop Art'),
    (146,'2024-02-20','Pop Art'),
    (147,'2024-01-22','Steampunk'),
    (148,'2024-01-10','Art Nouveau'),
    (149,'2024-01-23','Art Nouveau'),
    (150,'2024-01-02','Minimalisme'),
    (151,'2024-01-12','Futurisme'),
    (152,'2024-02-02','Pop Art'),
    (153,'2024-01-29','Art Nouveau'),
    (154,'2024-02-27','Pop Art'),
    (155,'2024-01-26','Pop Art'),
    (156,'2024-01-02','Futurisme'),
    (157,'2024-02-10','Steampunk'),
    (158,'2024-01-31','Art Nouveau'),
    (159,'2024-02-12','Art Nouveau'),
    (160,'2024-01-09','Futurisme'),
    (161,'2024-01-01','Steampunk'),
    (162,'2024-01-28','Steampunk'),
    (163,'2024-02-16','Art Nouveau'),
    (164,'2024-02-18','Pop Art'),
    (165,'2024-02-21','Steampunk'),
    (166,'2024-02-26','Futurisme'),
    (167,'2024-02-12','Steampunk'),
    (168,'2024-01-13','Futurisme'),
    (169,'2024-02-25','Art Nouveau'),
    (170,'2024-02-06','Steampunk'),
    (171,'2024-01-26','Steampunk'),
    (172,'2024-01-29','Steampunk'),
    (173,'2024-01-13','Futurisme'),
    (174,'2024-02-10','Futurisme'),
    (175,'2024-02-29','Pop Art'),
    (176,'2024-01-23','Minimalisme'),
    (177,'2024-01-14','Minimalisme'),
    (178,'2024-02-14','Futurisme'),
    (179,'2024-01-27','Art Nouveau'),
    (180,'2024-02-05','Art Nouveau'),
    (181,'2024-02-09','Futurisme'),
    (182,'2024-02-02','Art Nouveau'),
    (183,'2024-01-07','Steampunk'),
    (184,'2024-01-02','Futurisme'),
    (185,'2024-02-16','Minimalisme'),
    (186,'2024-01-01','Futurisme'),
    (187,'2024-01-14','Steampunk'),
    (188,'2024-01-07','Futurisme'),
    (189,'2024-02-03','Pop Art'),
    (190,'2024-01-19','Steampunk'),
    (191,'2024-01-18','Art Nouveau'),
    (192,'2024-02-04','Futurisme'),
    (193,'2024-02-01','Art Nouveau'),
    (194,'2024-02-15','Art Nouveau'),
    (195,'2024-02-11','Pop Art'),
    (196,'2024-02-19','Steampunk'),
    (197,'2024-02-29','Steampunk'),
    (198,'2024-02-14','Pop Art'),
    (199,'2024-01-14','Pop Art'),
    (200,'2024-02-14','Futurisme'),
    (201,'2024-01-14','Pop Art'),
    (202,'2024-01-12','Pop Art'),
    (203,'2024-01-15','Art Nouveau'),
    (204,'2024-02-11','Futurisme'),
    (205,'2024-01-18','Futurisme'),
    (206,'2024-02-24','Steampunk'),
    (207,'2024-01-28','Minimalisme'),
    (208,'2024-02-26','Pop Art'),
    (209,'2024-01-23','Art Nouveau'),
    (210,'2024-01-26','Pop Art'),
    (211,'2024-01-29','Steampunk'),
    (212,'2024-02-15','Pop Art'),
    (213,'2024-01-04','Art Nouveau'),
    (214,'2024-02-25','Futurisme'),
    (215,'2024-01-17','Steampunk'),
    (216,'2024-02-12','Futurisme'),
    (217,'2024-01-19','Steampunk'),
    (218,'2024-01-03','Pop Art'),
    (219,'2024-02-08','Art Nouveau'),
    (220,'2024-01-25','Minimalisme'),
    (221,'2024-02-26','Pop Art'),
    (222,'2024-02-10','Steampunk'),
    (223,'2024-01-09','Steampunk'),
    (224,'2024-01-30','Art Nouveau'),
    (225,'2024-01-24','Futurisme'),
    (226,'2024-02-19','Minimalisme'),
    (227,'2024-02-03','Art Nouveau'),
    (228,'2024-02-13','Art Nouveau'),
    (229,'2024-02-02','Steampunk'),
    (230,'2024-02-26','Art Nouveau'),
    (231,'2024-02-18','Minimalisme'),
    (232,'2024-01-04','Steampunk'),
    (233,'2024-02-29','Art Nouveau'),
    (234,'2024-02-17','Futurisme'),
    (235,'2024-02-19','Steampunk'),
    (236,'2024-01-15','Minimalisme'),
    (237,'2024-01-11','Steampunk'),
    (238,'2024-02-25','Steampunk'),
    (239,'2024-02-08','Steampunk'),
    (240,'2024-02-01','Futurisme'),
    (241,'2024-02-22','Pop Art'),
    (242,'2024-02-28','Steampunk'),
    (243,'2024-02-06','Futurisme'),
    (244,'2024-01-13','Minimalisme'),
    (245,'2024-02-23','Minimalisme'),
    (246,'2024-02-04','Steampunk'),
    (247,'2024-01-08','Pop Art'),
    (248,'2024-02-03','Steampunk'),
    (249,'2024-01-15','Pop Art'),
    (250,'2024-01-09','Pop Art'),
    (251,'2024-01-08','Minimalisme'),
    (252,'2024-02-15','Futurisme'),
    (253,'2024-02-23','Art Nouveau'),
    (254,'2024-01-20','Steampunk'),
    (255,'2024-02-12','Steampunk'),
    (256,'2024-02-17','Steampunk'),
    (257,'2024-02-22','Minimalisme'),
    (258,'2024-02-17','Steampunk'),
    (259,'2024-01-25','Art Nouveau'),
    (260,'2024-01-11','Minimalisme'),
    (261,'2024-01-07','Futurisme'),
    (262,'2024-02-22','Art Nouveau'),
    (263,'2024-01-22','Minimalisme'),
    (264,'2024-02-29','Steampunk'),
    (265,'2024-02-25','Steampunk'),
    (266,'2024-02-28','Pop Art'),
    (267,'2024-02-06','Pop Art'),
    (268,'2024-02-11','Minimalisme'),
    (269,'2024-02-07','Steampunk'),
    (270,'2024-02-23','Steampunk'),
    (271,'2024-02-14','Art Nouveau'),
    (272,'2024-01-09','Pop Art'),
    (273,'2024-02-24','Pop Art'),
    (274,'2024-01-09','Futurisme'),
    (275,'2024-01-14','Pop Art'),
    (276,'2024-02-11','Steampunk'),
    (277,'2024-02-18','Steampunk'),
    (278,'2024-02-07','Minimalisme'),
    (279,'2024-01-05','Steampunk'),
    (280,'2024-01-12','Art Nouveau'),
    (281,'2024-02-29','Minimalisme'),
    (282,'2024-02-17','Art Nouveau'),
    (283,'2024-02-14','Steampunk'),
    (284,'2024-01-24','Steampunk'),
    (285,'2024-01-25','Pop Art'),
    (286,'2024-01-05','Pop Art'),
    (287,'2024-02-21','Steampunk'),
    (288,'2024-01-12','Art Nouveau'),
    (289,'2024-02-02','Minimalisme'),
    (290,'2024-01-08','Minimalisme'),
    (291,'2024-02-03','Steampunk'),
    (292,'2024-01-16','Pop Art'),
    (293,'2024-01-23','Minimalisme'),
    (294,'2024-01-17','Steampunk'),
    (295,'2024-01-23','Steampunk'),
    (296,'2024-01-06','Steampunk'),
    (297,'2024-01-27','Art Nouveau'),
    (298,'2024-02-25','Art Nouveau'),
    (299,'2024-01-07','Futurisme'),
    (300,'2024-02-27','Steampunk'),
    (301,'2024-02-05','Steampunk'),
    (302,'2024-01-17','Pop Art'),
    (303,'2024-02-15','Minimalisme'),
    (304,'2024-01-23','Art Nouveau'),
    (305,'2024-02-05','Futurisme'),
    (306,'2024-02-21','Minimalisme'),
    (307,'2024-01-04','Futurisme'),
    (308,'2024-01-16','Minimalisme'),
    (309,'2024-01-14','Steampunk'),
    (310,'2024-02-18','Minimalisme'),
    (311,'2024-02-10','Minimalisme'),
    (312,'2024-01-03','Steampunk'),
    (313,'2024-01-08','Art Nouveau'),
    (314,'2024-01-22','Minimalisme'),
    (315,'2024-01-12','Steampunk'),
    (316,'2024-01-28','Pop Art'),
    (317,'2024-01-02','Art Nouveau'),
    (318,'2024-02-27','Steampunk'),
    (319,'2024-01-09','Steampunk'),
    (320,'2024-01-06','Futurisme');



INSERT INTO Dessin (numCompetiteur, numConcours,commentaire, dateRemise, leDessin)
VALUES
    (5,1, 'Parfait','2024-02-12', 'leDessin.png'),	(5,1 ,'Parfait','2024-01-11','leDessin2.png'),
(6,1, 'Mauvais','2024-02-10', 'leDessin.png'),	(6,1 ,'Très Bien','2024-02-21','leDessin2.png'),
(7,1, 'Parfait','2024-01-25', 'leDessin.png'),	(7,1 ,'Très Bien','2024-01-16','leDessin2.png'),
(8,1, 'Bien','2024-01-10', 'leDessin.png'),	(8,1 ,'Parfait','2024-02-20','leDessin2.png'),
(9,1, 'Bien','2024-02-01', 'leDessin.png'),	(9,1 ,'Très Bien','2024-01-05','leDessin2.png'),
(10,1, 'Assez bien','2024-01-12', 'leDessin.png'),	(10,1 ,'Assez bien','2024-02-08','leDessin2.png'),
(25,1, 'Parfait','2024-01-07', 'leDessin.png'),	(25,1 ,'Mauvais','2024-02-24','leDessin2.png'),
(26,1, 'Très Bien','2024-02-24', 'leDessin.png'),	(26,1 ,'Bien','2024-02-02','leDessin2.png'),
(27,1, 'Bien','2024-01-29', 'leDessin.png'),	(27,1 ,'Très Bien','2024-01-12','leDessin2.png'),
(28,1, 'Mauvais','2024-01-18', 'leDessin.png'),	(28,1 ,'Très Bien','2024-01-31','leDessin2.png'),
(29,1, 'Assez bien','2024-01-21', 'leDessin.png'),	(29,1 ,'Bien','2024-01-28','leDessin2.png'),
(30,1, 'Bien','2024-02-26', 'leDessin.png'),	(30,1 ,'Très Bien','2024-02-13','leDessin2.png'),
(45,1, 'Très Bien','2024-02-08', 'leDessin.png'),	(45,1 ,'Très Bien','2024-01-30','leDessin2.png'),
(46,1, 'Bien','2024-01-25', 'leDessin.png'),	(46,1 ,'Très Bien','2024-02-06','leDessin2.png'),
(47,1, 'Très Bien','2024-02-17', 'leDessin.png'),	(47,1 ,'Bien','2024-01-23','leDessin2.png'),
(48,1, 'Bien','2024-02-07', 'leDessin.png'),	(48,1 ,'Mauvais','2024-01-28','leDessin2.png'),
(49,1, 'Parfait','2024-02-05', 'leDessin.png'),	(49,1 ,'Parfait','2024-02-11','leDessin2.png'),
(50,1, 'Très Bien','2024-02-13', 'leDessin.png'),	(50,1 ,'Bien','2024-01-30','leDessin2.png'),
(65,1, 'Bien','2024-01-31', 'leDessin.png'),	(65,1 ,'Mauvais','2024-02-25','leDessin2.png'),
(66,1, 'Assez bien','2024-02-23', 'leDessin.png'),	(66,1 ,'Parfait','2024-01-23','leDessin2.png'),
(67,1, 'Parfait','2024-02-06', 'leDessin.png'),	(67,1 ,'Bien','2024-02-10','leDessin2.png'),
(68,1, 'Très Bien','2024-02-21', 'leDessin.png'),	(68,1 ,'Parfait','2024-02-21','leDessin2.png'),
(69,1, 'Mauvais','2024-02-22', 'leDessin.png'),	(69,1 ,'Très Bien','2024-01-25','leDessin2.png'),
(70,1, 'Mauvais','2024-02-19', 'leDessin.png'),	(70,1 ,'Mauvais','2024-02-02','leDessin2.png'),
(85,1, 'Parfait','2024-02-25', 'leDessin.png'),	(85,1 ,'Bien','2024-02-13','leDessin2.png'),
(86,1, 'Mauvais','2024-02-25', 'leDessin.png'),	(86,1 ,'Mauvais','2024-02-19','leDessin2.png'),
(87,1, 'Mauvais','2024-02-25', 'leDessin.png'),	(87,1 ,'Parfait','2024-02-09','leDessin2.png'),
(88,1, 'Parfait','2024-02-02', 'leDessin.png'),	(88,1 ,'Très Bien','2024-02-19','leDessin2.png'),
(89,1, 'Mauvais','2024-02-04', 'leDessin.png'),	(89,1 ,'Bien','2024-02-01','leDessin2.png'),
(90,1, 'Mauvais','2024-01-31', 'leDessin.png'),	(90,1 ,'Bien','2024-02-10','leDessin2.png'),
(105,1, 'Assez bien','2024-02-24', 'leDessin.png'),	(105,1 ,'Mauvais','2024-02-10','leDessin2.png'),
(106,1, 'Bien','2024-02-19', 'leDessin.png'),	(106,1 ,'Bien','2024-02-08','leDessin2.png'),
(107,1, 'Mauvais','2024-02-27', 'leDessin.png'),	(107,1 ,'Assez bien','2024-02-03','leDessin2.png'),
(108,1, 'Assez bien','2024-02-27', 'leDessin.png'),	(108,1 ,'Très Bien','2024-02-06','leDessin2.png'),
(109,1, 'Très Bien','2024-02-06', 'leDessin.png'),	(109,1 ,'Assez bien','2024-02-14','leDessin2.png'),
(110,1, 'Parfait','2024-02-14', 'leDessin.png'),	(110,1 ,'Assez bien','2024-02-19','leDessin2.png'),
(125,1, 'Assez bien','2024-02-23', 'leDessin.png'),	(125,1 ,'Très Bien','2024-02-07','leDessin2.png'),
(126,1, 'Très Bien','2024-02-08', 'leDessin.png'),	(126,1 ,'Assez bien','2024-02-08','leDessin2.png'),
(127,1, 'Très Bien','2024-02-21', 'leDessin.png'),	(127,1 ,'Parfait','2024-02-18','leDessin2.png'),
(128,1, 'Assez bien','2024-02-25', 'leDessin.png'),	(128,1 ,'Assez bien','2024-02-19','leDessin2.png'),
(129,1, 'Bien','2024-02-18', 'leDessin.png'),	(129,1 ,'Très Bien','2024-02-18','leDessin2.png'),
(130,1, 'Parfait','2024-02-20', 'leDessin.png'),	(130,1 ,'Bien','2024-02-11','leDessin2.png'),
(145,1, 'Assez bien','2024-02-22', 'leDessin.png'),	(145,1 ,'Bien','2024-02-22','leDessin2.png'),
(146,1, 'Parfait','2024-02-24', 'leDessin.png'),	(146,1 ,'Bien','2024-02-27','leDessin2.png'),
(147,1, 'Très Bien','2024-02-28', 'leDessin.png'),	(147,1 ,'Mauvais','2024-02-17','leDessin2.png'),
(148,1, 'Très Bien','2024-02-17', 'leDessin.png'),	(148,1 ,'Bien','2024-02-22','leDessin2.png'),
(149,1, 'Mauvais','2024-02-22', 'leDessin.png'),	(149,1 ,'Assez bien','2024-02-18','leDessin2.png'),
(150,1, 'Mauvais','2024-02-28', 'leDessin.png'),	(150,1 ,'Bien','2024-02-29','leDessin2.png'),
-- concours2
(11,2, 'Parfait','2024-02-07', 'leDessin.png'),	(11,2 ,'Bien','2024-02-20','leDessin2.png'),
(12,2, 'Très Bien','2024-01-05', 'leDessin.png'),	(12,2 ,'Bien','2024-01-13','leDessin2.png'),
(13,2, 'Parfait','2024-02-07', 'leDessin.png'),	(13,2 ,'Très Bien','2024-02-13','leDessin2.png'),
(14,2, 'Mauvais','2024-01-08', 'leDessin.png'),	(14,2 ,'Très Bien','2024-02-12','leDessin2.png'),
(15,2, 'Assez bien','2024-02-18', 'leDessin.png'),	(15,2 ,'Mauvais','2024-02-03','leDessin2.png'),
(16,2, 'Mauvais','2024-01-21', 'leDessin.png'),	(16,2 ,'Très Bien','2024-01-10','leDessin2.png'),
(31,2, 'Assez bien','2024-02-21', 'leDessin.png'),	(31,2 ,'Assez bien','2024-01-16','leDessin2.png'),
(32,2, 'Mauvais','2024-02-26', 'leDessin.png'),	(32,2 ,'Mauvais','2024-02-19','leDessin2.png'),
(33,2, 'Assez bien','2024-01-21', 'leDessin.png'),	(33,2 ,'Parfait','2024-02-23','leDessin2.png'),
(34,2, 'Assez bien','2024-02-23', 'leDessin.png'),	(34,2 ,'Très Bien','2024-01-29','leDessin2.png'),
(35,2, 'Parfait','2024-01-24', 'leDessin.png'),	(35,2 ,'Bien','2024-01-11','leDessin2.png'),
(36,2, 'Bien','2024-02-16', 'leDessin.png'),	(36,2 ,'Parfait','2024-02-15','leDessin2.png'),
(51,2, 'Assez bien','2024-02-12', 'leDessin.png'),	(51,2 ,'Assez bien','2024-02-29','leDessin2.png'),
(52,2, 'Bien','2024-02-05', 'leDessin.png'),	(52,2 ,'Bien','2024-02-18','leDessin2.png'),
(53,2, 'Assez bien','2024-02-16', 'leDessin.png'),	(53,2 ,'Parfait','2024-01-24','leDessin2.png'),
(54,2, 'Parfait','2024-02-03', 'leDessin.png'),	(54,2 ,'Parfait','2024-02-04','leDessin2.png'),
(55,2, 'Très Bien','2024-01-31', 'leDessin.png'),	(55,2 ,'Mauvais','2024-02-28','leDessin2.png'),
(56,2, 'Très Bien','2024-01-30', 'leDessin.png'),	(56,2 ,'Parfait','2024-02-07','leDessin2.png'),
(71,2, 'Parfait','2024-02-20', 'leDessin.png'),	(71,2 ,'Parfait','2024-02-12','leDessin2.png'),
(72,2, 'Assez bien','2024-01-29', 'leDessin.png'),	(72,2 ,'Très Bien','2024-02-23','leDessin2.png'),
(73,2, 'Très Bien','2024-01-28', 'leDessin.png'),	(73,2 ,'Mauvais','2024-02-21','leDessin2.png'),
(74,2, 'Parfait','2024-02-02', 'leDessin.png'),	(74,2 ,'Mauvais','2024-02-15','leDessin2.png'),
(75,2, 'Assez bien','2024-02-09', 'leDessin.png'),	(75,2 ,'Assez bien','2024-02-05','leDessin2.png'),
(76,2, 'Bien','2024-01-25', 'leDessin.png'),	(76,2 ,'Assez bien','2024-02-13','leDessin2.png'),
(91,2, 'Bien','2024-02-26', 'leDessin.png'),	(91,2 ,'Très Bien','2024-02-24','leDessin2.png'),
(92,2, 'Assez bien','2024-02-20', 'leDessin.png'),	(92,2 ,'Mauvais','2024-02-24','leDessin2.png'),
(93,2, 'Assez bien','2024-02-11', 'leDessin.png'),	(93,2 ,'Parfait','2024-01-28','leDessin2.png'),
(94,2, 'Très Bien','2024-02-10', 'leDessin.png'),	(94,2 ,'Assez bien','2024-02-04','leDessin2.png'),
(95,2, 'Très Bien','2024-02-11', 'leDessin.png'),	(95,2 ,'Assez bien','2024-02-21','leDessin2.png'),
(96,2, 'Bien','2024-02-22', 'leDessin.png'),	(96,2 ,'Mauvais','2024-02-09','leDessin2.png'),
(111,2, 'Mauvais','2024-02-05', 'leDessin.png'),	(111,2 ,'Très Bien','2024-02-20','leDessin2.png'),
(112,2, 'Très Bien','2024-02-01', 'leDessin.png'),	(112,2 ,'Mauvais','2024-02-03','leDessin2.png'),
(113,2, 'Bien','2024-02-22', 'leDessin.png'),	(113,2 ,'Bien','2024-02-04','leDessin2.png'),
(114,2, 'Parfait','2024-02-29', 'leDessin.png'),	(114,2 ,'Bien','2024-02-10','leDessin2.png'),
(115,2, 'Bien','2024-02-28', 'leDessin.png'),	(115,2 ,'Assez bien','2024-02-28','leDessin2.png'),
(116,2, 'Parfait','2024-02-12', 'leDessin.png'),	(116,2 ,'Assez bien','2024-02-11','leDessin2.png'),
(131,2, 'Assez bien','2024-02-25', 'leDessin.png'),	(131,2 ,'Mauvais','2024-02-29','leDessin2.png'),
(132,2, 'Très Bien','2024-02-22', 'leDessin.png'),	(132,2 ,'Assez bien','2024-02-07','leDessin2.png'),
(133,2, 'Parfait','2024-02-14', 'leDessin.png'),	(133,2 ,'Mauvais','2024-02-26','leDessin2.png'),
(134,2, 'Mauvais','2024-02-19', 'leDessin.png'),	(134,2 ,'Bien','2024-02-26','leDessin2.png'),
(135,2, 'Mauvais','2024-02-19', 'leDessin.png'),	(135,2 ,'Très Bien','2024-02-11','leDessin2.png'),
(136,2, 'Très Bien','2024-02-23', 'leDessin.png'),	(136,2 ,'Bien','2024-02-20','leDessin2.png'),
(151,2, 'Très Bien','2024-02-27', 'leDessin.png'),	(151,2 ,'Assez bien','2024-02-21','leDessin2.png'),
(152,2, 'Parfait','2024-02-21', 'leDessin.png'),	(152,2 ,'Assez bien','2024-02-15','leDessin2.png'),
(153,2, 'Bien','2024-02-24', 'leDessin.png'),	(153,2 ,'Parfait','2024-02-27','leDessin2.png'),
(154,2, 'Bien','2024-02-26', 'leDessin.png'),	(154,2 ,'Assez bien','2024-02-23','leDessin2.png'),
(155,2, 'Assez bien','2024-02-25', 'leDessin.png'),	(155,2 ,'Parfait','2024-02-22','leDessin2.png'),
(156,2, 'Parfait','2024-02-18', 'leDessin.png'),	(156,2 ,'Bien','2024-02-24','leDessin2.png'),
-- Concours 3
(165,3, 'Très Bien','2022-08-23', 'leDessin.png'),	(165,3 ,'Mauvais','2022-08-24','leDessin2.png'),
(166,3, 'Assez bien','2022-08-20', 'leDessin.png'),	(166,3 ,'Parfait','2022-08-30','leDessin2.png'),
(167,3, 'Bien','2022-08-17', 'leDessin.png'),	(167,3 ,'Très Bien','2022-07-22','leDessin2.png'),
(168,3, 'Parfait','2022-07-09', 'leDessin.png'),	(168,3 ,'Très Bien','2022-07-19','leDessin2.png'),
(169,3, 'Très Bien','2022-07-12', 'leDessin.png'),	(169,3 ,'Assez bien','2022-08-09','leDessin2.png'),
(170,3, 'Bien','2022-08-07', 'leDessin.png'),	(170,3 ,'Mauvais','2022-07-31','leDessin2.png'),
(185,3, 'Très Bien','2022-08-03', 'leDessin.png'),	(185,3 ,'Parfait','2022-09-01','leDessin2.png'),
(186,3, 'Mauvais','2022-08-26', 'leDessin.png'),	(186,3 ,'Assez bien','2022-08-29','leDessin2.png'),
(187,3, 'Assez bien','2022-08-24', 'leDessin.png'),	(187,3 ,'Très Bien','2022-08-13','leDessin2.png'),
(188,3, 'Très Bien','2022-07-29', 'leDessin.png'),	(188,3 ,'Bien','2022-07-18','leDessin2.png'),
(189,3, 'Très Bien','2022-07-21', 'leDessin.png'),	(189,3 ,'Très Bien','2022-07-13','leDessin2.png'),
(190,3, 'Mauvais','2022-07-27', 'leDessin.png'),	(190,3 ,'Bien','2022-07-15','leDessin2.png'),
(205,3, 'Assez bien','2022-08-04', 'leDessin.png'),	(205,3 ,'Très Bien','2022-07-16','leDessin2.png'),
(206,3, 'Assez bien','2022-08-26', 'leDessin.png'),	(206,3 ,'Très Bien','2022-08-23','leDessin2.png'),
(207,3, 'Parfait','2022-07-25', 'leDessin.png'),	(207,3 ,'Bien','2022-08-13','leDessin2.png'),
(208,3, 'Très Bien','2022-07-27', 'leDessin.png'),	(208,3 ,'Mauvais','2022-08-28','leDessin2.png'),
(209,3, 'Bien','2022-08-07', 'leDessin.png'),	(209,3 ,'Bien','2022-07-28','leDessin2.png'),
(210,3, 'Assez bien','2022-07-30', 'leDessin.png'),	(210,3 ,'Assez bien','2022-07-23','leDessin2.png'),
(225,3, 'Assez bien','2022-08-12', 'leDessin.png'),	(225,3 ,'Bien','2022-08-05','leDessin2.png'),
(226,3, 'Très Bien','2022-08-10', 'leDessin.png'),	(226,3 ,'Très Bien','2022-08-10','leDessin2.png'),
(227,3, 'Assez bien','2022-08-02', 'leDessin.png'),	(227,3 ,'Bien','2022-08-12','leDessin2.png'),
(228,3, 'Très Bien','2022-07-27', 'leDessin.png'),	(228,3 ,'Bien','2022-08-04','leDessin2.png'),
(229,3, 'Mauvais','2022-07-23', 'leDessin.png'),	(229,3 ,'Assez bien','2022-09-01','leDessin2.png'),
(230,3, 'Très Bien','2022-08-07', 'leDessin.png'),	(230,3 ,'Bien','2022-08-05','leDessin2.png'),
(245,3, 'Très Bien','2022-08-27', 'leDessin.png'),	(245,3 ,'Bien','2022-08-03','leDessin2.png'),
(246,3, 'Très Bien','2022-07-29', 'leDessin.png'),	(246,3 ,'Bien','2022-08-06','leDessin2.png'),
(247,3, 'Mauvais','2022-08-20', 'leDessin.png'),	(247,3 ,'Très Bien','2022-08-28','leDessin2.png'),
(248,3, 'Mauvais','2022-08-04', 'leDessin.png'),	(248,3 ,'Mauvais','2022-08-12','leDessin2.png'),
(249,3, 'Bien','2022-08-03', 'leDessin.png'),	(249,3 ,'Très Bien','2022-08-30','leDessin2.png'),
(250,3, 'Très Bien','2022-08-18', 'leDessin.png'),	(250,3 ,'Très Bien','2022-08-06','leDessin2.png'),
(265,3, 'Très Bien','2022-08-03', 'leDessin.png'),	(265,3 ,'Bien','2022-08-29','leDessin2.png'),
(266,3, 'Bien','2022-08-26', 'leDessin.png'),	(266,3 ,'Très Bien','2022-08-11','leDessin2.png'),
(267,3, 'Mauvais','2022-08-16', 'leDessin.png'),	(267,3 ,'Assez bien','2022-08-15','leDessin2.png'),
(268,3, 'Mauvais','2022-08-15', 'leDessin.png'),	(268,3 ,'Bien','2022-08-07','leDessin2.png'),
(269,3, 'Assez bien','2022-09-01', 'leDessin.png'),	(269,3 ,'Assez bien','2022-08-06','leDessin2.png'),
(270,3, 'Assez bien','2022-08-13', 'leDessin.png'),	(270,3 ,'Mauvais','2022-08-31','leDessin2.png'),
(285,3, 'Mauvais','2022-08-19', 'leDessin.png'),	(285,3 ,'Parfait','2022-08-31','leDessin2.png'),
(286,3, 'Bien','2022-08-11', 'leDessin.png'),	(286,3 ,'Parfait','2022-08-16','leDessin2.png'),
(287,3, 'Très Bien','2022-08-17', 'leDessin.png'),	(287,3 ,'Assez bien','2022-08-17','leDessin2.png'),
(288,3, 'Parfait','2022-08-27', 'leDessin.png'),	(288,3 ,'Mauvais','2022-08-20','leDessin2.png'),
(289,3, 'Mauvais','2022-08-20', 'leDessin.png'),	(289,3 ,'Très Bien','2022-08-26','leDessin2.png'),
(290,3, 'Bien','2022-08-15', 'leDessin.png'),	(290,3 ,'Bien','2022-08-16','leDessin2.png'),
(305,3, 'Très Bien','2022-09-01', 'leDessin.png'),	(305,3 ,'Bien','2022-09-01','leDessin2.png'),
(306,3, 'Bien','2022-08-26', 'leDessin.png'),	(306,3 ,'Assez bien','2022-08-24','leDessin2.png'),
(307,3, 'Assez bien','2022-08-22', 'leDessin.png'),	(307,3 ,'Très Bien','2022-08-28','leDessin2.png'),
(308,3, 'Assez bien','2022-08-29', 'leDessin.png'),	(308,3 ,'Mauvais','2022-08-23','leDessin2.png'),
(309,3, 'Mauvais','2022-08-25', 'leDessin.png'),	(309,3 ,'Assez bien','2022-08-26','leDessin2.png'),
(310,3, 'Assez bien','2022-08-31', 'leDessin.png'),	(310,3 ,'Mauvais','2022-08-22','leDessin2.png'),
-- Concours 4
(171,4, 'Assez bien','2022-10-07', 'leDessin.png'),	(171,4 ,'Très Bien','2022-10-09','leDessin2.png'),
(172,4, 'Très Bien','2022-11-29', 'leDessin.png'),	(172,4 ,'Assez bien','2022-11-21','leDessin2.png'),
(173,4, 'Parfait','2022-10-17', 'leDessin.png'),	(173,4 ,'Très Bien','2022-11-13','leDessin2.png'),
(174,4, 'Bien','2022-10-27', 'leDessin.png'),	(174,4 ,'Bien','2022-11-19','leDessin2.png'),
(175,4, 'Assez bien','2022-10-22', 'leDessin.png'),	(175,4 ,'Bien','2022-10-27','leDessin2.png'),
(176,4, 'Assez bien','2022-11-20', 'leDessin.png'),	(176,4 ,'Assez bien','2022-12-01','leDessin2.png'),
(191,4, 'Mauvais','2022-10-18', 'leDessin.png'),	(191,4 ,'Mauvais','2022-10-18','leDessin2.png'),
(192,4, 'Assez bien','2022-10-09', 'leDessin.png'),	(192,4 ,'Très Bien','2022-11-30','leDessin2.png'),
(193,4, 'Parfait','2022-10-19', 'leDessin.png'),	(193,4 ,'Assez bien','2022-10-15','leDessin2.png'),
(194,4, 'Mauvais','2022-11-15', 'leDessin.png'),	(194,4 ,'Bien','2022-11-17','leDessin2.png'),
(195,4, 'Assez bien','2022-11-24', 'leDessin.png'),	(195,4 ,'Parfait','2022-11-22','leDessin2.png'),
(196,4, 'Très Bien','2022-11-24', 'leDessin.png'),	(196,4 ,'Assez bien','2022-11-21','leDessin2.png'),
(211,4, 'Bien','2022-11-16', 'leDessin.png'),	(211,4 ,'Parfait','2022-11-18','leDessin2.png'),
(212,4, 'Parfait','2022-11-04', 'leDessin.png'),	(212,4 ,'Assez bien','2022-11-25','leDessin2.png'),
(213,4, 'Assez bien','2022-11-18', 'leDessin.png'),	(213,4 ,'Bien','2022-10-17','leDessin2.png'),
(214,4, 'Mauvais','2022-11-20', 'leDessin.png'),	(214,4 ,'Bien','2022-11-22','leDessin2.png'),
(215,4, 'Très Bien','2022-11-13', 'leDessin.png'),	(215,4 ,'Bien','2022-11-10','leDessin2.png'),
(216,4, 'Assez bien','2022-10-21', 'leDessin.png'),	(216,4 ,'Assez bien','2022-11-22','leDessin2.png'),
(231,4, 'Bien','2022-11-19', 'leDessin.png'),	(231,4 ,'Très Bien','2022-11-12','leDessin2.png'),
(232,4, 'Assez bien','2022-11-07', 'leDessin.png'),	(232,4 ,'Assez bien','2022-11-11','leDessin2.png'),
(233,4, 'Très Bien','2022-11-07', 'leDessin.png'),	(233,4 ,'Parfait','2022-11-01','leDessin2.png'),
(234,4, 'Très Bien','2022-11-15', 'leDessin.png'),	(234,4 ,'Assez bien','2022-10-29','leDessin2.png'),
(235,4, 'Parfait','2022-11-14', 'leDessin.png'),	(235,4 ,'Très Bien','2022-11-21','leDessin2.png'),
(236,4, 'Bien','2022-12-01', 'leDessin.png'),	(236,4 ,'Assez bien','2022-10-31','leDessin2.png'),
(251,4, 'Très Bien','2022-11-19', 'leDessin.png'),	(251,4 ,'Assez bien','2022-11-16','leDessin2.png'),
(252,4, 'Bien','2022-10-26', 'leDessin.png'),	(252,4 ,'Mauvais','2022-11-20','leDessin2.png'),
(253,4, 'Assez bien','2022-10-31', 'leDessin.png'),	(253,4 ,'Assez bien','2022-11-22','leDessin2.png'),
(254,4, 'Parfait','2022-11-13', 'leDessin.png'),	(254,4 ,'Parfait','2022-11-02','leDessin2.png'),
(255,4, 'Assez bien','2022-11-20', 'leDessin.png'),	(255,4 ,'Parfait','2022-12-02','leDessin2.png'),
(256,4, 'Mauvais','2022-12-01', 'leDessin.png'),	(256,4 ,'Assez bien','2022-11-08','leDessin2.png'),
(271,4, 'Très Bien','2022-10-31', 'leDessin.png'),	(271,4 ,'Mauvais','2022-11-12','leDessin2.png'),
(272,4, 'Assez bien','2022-11-29', 'leDessin.png'),	(272,4 ,'Bien','2022-11-16','leDessin2.png'),
(273,4, 'Assez bien','2022-11-06', 'leDessin.png'),	(273,4 ,'Assez bien','2022-11-27','leDessin2.png'),
(274,4, 'Assez bien','2022-11-04', 'leDessin.png'),	(274,4 ,'Bien','2022-11-17','leDessin2.png'),
(275,4, 'Mauvais','2022-11-23', 'leDessin.png'),	(275,4 ,'Assez bien','2022-11-12','leDessin2.png'),
(276,4, 'Assez bien','2022-11-07', 'leDessin.png'),	(276,4 ,'Très Bien','2022-11-14','leDessin2.png'),
(291,4, 'Mauvais','2022-11-15', 'leDessin.png'),	(291,4 ,'Mauvais','2022-11-26','leDessin2.png'),
(292,4, 'Assez bien','2022-11-08', 'leDessin.png'),	(292,4 ,'Mauvais','2022-11-12','leDessin2.png'),
(293,4, 'Mauvais','2022-11-29', 'leDessin.png'),	(293,4 ,'Très Bien','2022-11-23','leDessin2.png'),
(294,4, 'Très Bien','2022-12-02', 'leDessin.png'),	(294,4 ,'Assez bien','2022-11-10','leDessin2.png'),
(295,4, 'Assez bien','2022-11-24', 'leDessin.png'),	(295,4 ,'Bien','2022-11-21','leDessin2.png'),
(296,4, 'Assez bien','2022-11-16', 'leDessin.png'),	(296,4 ,'Bien','2022-11-18','leDessin2.png'),
(311,4, 'Assez bien','2022-11-17', 'leDessin.png'),	(311,4 ,'Mauvais','2022-11-12','leDessin2.png'),
(312,4, 'Mauvais','2022-11-24', 'leDessin.png'),	(312,4 ,'Bien','2022-11-20','leDessin2.png'),
(313,4, 'Bien','2022-11-19', 'leDessin.png'),	(313,4 ,'Assez bien','2022-11-25','leDessin2.png'),
(314,4, 'Très Bien','2022-11-22', 'leDessin.png'),	(314,4 ,'Parfait','2022-11-20','leDessin2.png'),
(315,4, 'Très Bien','2022-11-26', 'leDessin.png'),	(315,4 ,'Mauvais','2022-11-27','leDessin2.png'),
(316,4, 'Assez bien','2022-11-25', 'leDessin.png'),	(316,4 ,'Assez bien','2022-11-17','leDessin2.png'),
-- Concours 5
(5,5, 'Parfait','2023-02-17', 'leDessin.png'),	(5,5 ,'Bien','2023-01-11','leDessin2.png'),
(6,5, 'Très Bien','2023-01-27', 'leDessin.png'),	(6,5 ,'Bien','2023-02-11','leDessin2.png'),
(7,5, 'Mauvais','2023-02-21', 'leDessin.png'),	(7,5 ,'Bien','2023-01-14','leDessin2.png'),
(8,5, 'Assez bien','2023-01-16', 'leDessin.png'),	(8,5 ,'Parfait','2023-01-08','leDessin2.png'),
(9,5, 'Assez bien','2023-03-04', 'leDessin.png'),	(9,5 ,'Assez bien','2023-01-24','leDessin2.png'),
(10,5, 'Assez bien','2023-02-20', 'leDessin.png'),	(10,5 ,'Parfait','2023-02-03','leDessin2.png'),
(25,5, 'Très Bien','2023-02-21', 'leDessin.png'),	(25,5 ,'Mauvais','2023-01-10','leDessin2.png'),
(26,5, 'Parfait','2023-02-28', 'leDessin.png'),	(26,5 ,'Bien','2023-01-18','leDessin2.png'),
(27,5, 'Parfait','2023-02-13', 'leDessin.png'),	(27,5 ,'Très Bien','2023-01-17','leDessin2.png'),
(28,5, 'Mauvais','2023-02-21', 'leDessin.png'),	(28,5 ,'Très Bien','2023-01-19','leDessin2.png'),
(29,5, 'Très Bien','2023-02-25', 'leDessin.png'),	(29,5 ,'Bien','2023-01-14','leDessin2.png'),
(30,5, 'Mauvais','2023-02-06', 'leDessin.png'),	(30,5 ,'Mauvais','2023-01-15','leDessin2.png'),
(45,5, 'Parfait','2023-02-25', 'leDessin.png'),	(45,5 ,'Assez bien','2023-02-14','leDessin2.png'),
(46,5, 'Mauvais','2023-02-06', 'leDessin.png'),	(46,5 ,'Très Bien','2023-02-28','leDessin2.png'),
(47,5, 'Très Bien','2023-02-09', 'leDessin.png'),	(47,5 ,'Assez bien','2023-02-04','leDessin2.png'),
(48,5, 'Parfait','2023-02-08', 'leDessin.png'),	(48,5 ,'Mauvais','2023-02-09','leDessin2.png'),
(49,5, 'Mauvais','2023-03-03', 'leDessin.png'),	(49,5 ,'Mauvais','2023-01-21','leDessin2.png'),
(50,5, 'Assez bien','2023-02-03', 'leDessin.png'),	(50,5 ,'Parfait','2023-02-27','leDessin2.png'),
(65,5, 'Mauvais','2023-01-22', 'leDessin.png'),	(65,5 ,'Mauvais','2023-02-01','leDessin2.png'),
(66,5, 'Bien','2023-03-03', 'leDessin.png'),	(66,5 ,'Assez bien','2023-02-13','leDessin2.png'),
(67,5, 'Assez bien','2023-02-28', 'leDessin.png'),	(67,5 ,'Assez bien','2023-02-13','leDessin2.png'),
(68,5, 'Assez bien','2023-01-30', 'leDessin.png'),	(68,5 ,'Mauvais','2023-02-20','leDessin2.png'),
(69,5, 'Mauvais','2023-02-21', 'leDessin.png'),	(69,5 ,'Très Bien','2023-01-25','leDessin2.png'),
(70,5, 'Mauvais','2023-02-16', 'leDessin.png'),	(70,5 ,'Très Bien','2023-01-27','leDessin2.png'),
(251,5, 'Parfait','2023-02-24', 'leDessin.png'),	(251,5 ,'Mauvais','2023-02-15','leDessin2.png'),
(252,5, 'Très Bien','2023-02-10', 'leDessin.png'),	(252,5 ,'Très Bien','2023-02-01','leDessin2.png'),
(253,5, 'Mauvais','2023-01-29', 'leDessin.png'),	(253,5 ,'Parfait','2023-02-08','leDessin2.png'),
(254,5, 'Bien','2023-02-05', 'leDessin.png'),	(254,5 ,'Très Bien','2023-02-09','leDessin2.png'),
(255,5, 'Très Bien','2023-02-14', 'leDessin.png'),	(255,5 ,'Très Bien','2023-01-29','leDessin2.png'),
(256,5, 'Très Bien','2023-02-01', 'leDessin.png'),	(256,5 ,'Très Bien','2023-02-11','leDessin2.png'),
(271,5, 'Parfait','2023-01-31', 'leDessin.png'),	(271,5 ,'Très Bien','2023-02-28','leDessin2.png'),
(272,5, 'Parfait','2023-02-08', 'leDessin.png'),	(272,5 ,'Très Bien','2023-03-01','leDessin2.png'),
(273,5, 'Assez bien','2023-03-03', 'leDessin.png'),	(273,5 ,'Assez bien','2023-02-19','leDessin2.png'),
(274,5, 'Assez bien','2023-02-28', 'leDessin.png'),	(274,5 ,'Bien','2023-03-01','leDessin2.png'),
(275,5, 'Bien','2023-03-04', 'leDessin.png'),	(275,5 ,'Bien','2023-02-25','leDessin2.png'),
(276,5, 'Très Bien','2023-02-20', 'leDessin.png'),	(276,5 ,'Assez bien','2023-02-11','leDessin2.png'),
(291,5, 'Parfait','2023-02-13', 'leDessin.png'),	(291,5 ,'Assez bien','2023-02-08','leDessin2.png'),
(292,5, 'Très Bien','2023-03-03', 'leDessin.png'),	(292,5 ,'Très Bien','2023-02-08','leDessin2.png'),
(293,5, 'Parfait','2023-02-22', 'leDessin.png'),	(293,5 ,'Bien','2023-02-25','leDessin2.png'),
(294,5, 'Bien','2023-02-21', 'leDessin.png'),	(294,5 ,'Mauvais','2023-02-28','leDessin2.png'),
(295,5, 'Parfait','2023-02-19', 'leDessin.png'),	(295,5 ,'Très Bien','2023-02-21','leDessin2.png'),
(296,5, 'Parfait','2023-02-20', 'leDessin.png'),	(296,5 ,'Bien','2023-02-26','leDessin2.png'),
(311,5, 'Très Bien','2023-03-03', 'leDessin.png'),	(311,5 ,'Bien','2023-03-03','leDessin2.png'),
(312,5, 'Assez bien','2023-02-20', 'leDessin.png'),	(312,5 ,'Très Bien','2023-02-27','leDessin2.png'),
(313,5, 'Assez bien','2023-02-24', 'leDessin.png'),	(313,5 ,'Assez bien','2023-03-03','leDessin2.png'),
(314,5, 'Assez bien','2023-02-22', 'leDessin.png'),	(314,5 ,'Assez bien','2023-03-04','leDessin2.png'),
(315,5, 'Assez bien','2023-02-17', 'leDessin.png'),	(315,5 ,'Mauvais','2023-03-02','leDessin2.png'),
(316,5, 'Bien','2023-03-03', 'leDessin.png'),	(316,5 ,'Bien','2023-02-28','leDessin2.png'),
-- Concours 6
(91,6, 'Bien','2023-05-10', 'leDessin.png'),	(91,6 ,'Très Bien','2023-05-05','leDessin2.png'),
(92,6, 'Mauvais','2023-05-15', 'leDessin.png'),	(92,6 ,'Bien','2023-05-08','leDessin2.png'),
(93,6, 'Mauvais','2023-04-19', 'leDessin.png'),	(93,6 ,'Très Bien','2023-04-04','leDessin2.png'),
(94,6, 'Assez bien','2023-05-05', 'leDessin.png'),	(94,6 ,'Très Bien','2023-05-03','leDessin2.png'),
(95,6, 'Parfait','2023-05-26', 'leDessin.png'),	(95,6 ,'Très Bien','2023-05-08','leDessin2.png'),
(96,6, 'Très Bien','2023-04-15', 'leDessin.png'),	(96,6 ,'Mauvais','2023-04-26','leDessin2.png'),
(111,6, 'Parfait','2023-05-17', 'leDessin.png'),	(111,6 ,'Mauvais','2023-05-15','leDessin2.png'),
(112,6, 'Assez bien','2023-04-16', 'leDessin.png'),	(112,6 ,'Assez bien','2023-04-18','leDessin2.png'),
(113,6, 'Bien','2023-04-19', 'leDessin.png'),	(113,6 ,'Mauvais','2023-05-24','leDessin2.png'),
(114,6, 'Très Bien','2023-05-12', 'leDessin.png'),	(114,6 ,'Assez bien','2023-04-14','leDessin2.png'),
(115,6, 'Mauvais','2023-05-01', 'leDessin.png'),	(115,6 ,'Assez bien','2023-05-01','leDessin2.png'),
(116,6, 'Mauvais','2023-04-19', 'leDessin.png'),	(116,6 ,'Très Bien','2023-04-23','leDessin2.png'),
(131,6, 'Mauvais','2023-05-26', 'leDessin.png'),	(131,6 ,'Assez bien','2023-04-22','leDessin2.png'),
(132,6, 'Mauvais','2023-04-23', 'leDessin.png'),	(132,6 ,'Très Bien','2023-04-24','leDessin2.png'),
(133,6, 'Mauvais','2023-05-27', 'leDessin.png'),	(133,6 ,'Parfait','2023-05-23','leDessin2.png'),
(134,6, 'Parfait','2023-05-24', 'leDessin.png'),	(134,6 ,'Bien','2023-04-29','leDessin2.png'),
(135,6, 'Mauvais','2023-04-22', 'leDessin.png'),	(135,6 ,'Mauvais','2023-06-02','leDessin2.png'),
(136,6, 'Mauvais','2023-05-28', 'leDessin.png'),	(136,6 ,'Parfait','2023-05-03','leDessin2.png'),
(151,6, 'Assez bien','2023-05-20', 'leDessin.png'),	(151,6 ,'Mauvais','2023-05-21','leDessin2.png'),
(152,6, 'Très Bien','2023-04-26', 'leDessin.png'),	(152,6 ,'Assez bien','2023-04-26','leDessin2.png'),
(153,6, 'Mauvais','2023-05-27', 'leDessin.png'),	(153,6 ,'Assez bien','2023-04-21','leDessin2.png'),
(154,6, 'Mauvais','2023-05-14', 'leDessin.png'),	(154,6 ,'Bien','2023-04-25','leDessin2.png'),
(155,6, 'Mauvais','2023-05-06', 'leDessin.png'),	(155,6 ,'Très Bien','2023-05-08','leDessin2.png'),
(156,6, 'Bien','2023-05-20', 'leDessin.png'),	(156,6 ,'Assez bien','2023-06-02','leDessin2.png'),
(251,6, 'Assez bien','2023-04-25', 'leDessin.png'),	(251,6 ,'Bien','2023-05-13','leDessin2.png'),
(252,6, 'Bien','2023-05-17', 'leDessin.png'),	(252,6 ,'Très Bien','2023-04-28','leDessin2.png'),
(253,6, 'Assez bien','2023-04-29', 'leDessin.png'),	(253,6 ,'Bien','2023-05-21','leDessin2.png'),
(254,6, 'Mauvais','2023-05-04', 'leDessin.png'),	(254,6 ,'Très Bien','2023-05-25','leDessin2.png'),
(255,6, 'Mauvais','2023-05-30', 'leDessin.png'),	(255,6 ,'Parfait','2023-06-01','leDessin2.png'),
(256,6, 'Assez bien','2023-05-21', 'leDessin.png'),	(256,6 ,'Très Bien','2023-05-26','leDessin2.png'),
(271,6, 'Très Bien','2023-05-12', 'leDessin.png'),	(271,6 ,'Très Bien','2023-05-03','leDessin2.png'),
(272,6, 'Bien','2023-05-09', 'leDessin.png'),	(272,6 ,'Très Bien','2023-05-02','leDessin2.png'),
(273,6, 'Parfait','2023-06-02', 'leDessin.png'),	(273,6 ,'Très Bien','2023-05-06','leDessin2.png'),
(274,6, 'Très Bien','2023-05-16', 'leDessin.png'),	(274,6 ,'Mauvais','2023-05-29','leDessin2.png'),
(275,6, 'Parfait','2023-05-28', 'leDessin.png'),	(275,6 ,'Très Bien','2023-06-01','leDessin2.png'),
(276,6, 'Assez bien','2023-05-31', 'leDessin.png'),	(276,6 ,'Parfait','2023-05-13','leDessin2.png'),
(291,6, 'Très Bien','2023-05-11', 'leDessin.png'),	(291,6 ,'Très Bien','2023-05-10','leDessin2.png'),
(292,6, 'Assez bien','2023-05-29', 'leDessin.png'),	(292,6 ,'Parfait','2023-05-18','leDessin2.png'),
(293,6, 'Parfait','2023-05-20', 'leDessin.png'),	(293,6 ,'Assez bien','2023-05-29','leDessin2.png'),
(294,6, 'Assez bien','2023-05-17', 'leDessin.png'),	(294,6 ,'Assez bien','2023-05-20','leDessin2.png'),
(295,6, 'Assez bien','2023-06-02', 'leDessin.png'),	(295,6 ,'Très Bien','2023-05-30','leDessin2.png'),
(296,6, 'Assez bien','2023-05-15', 'leDessin.png'),	(296,6 ,'Bien','2023-05-30','leDessin2.png'),
(311,6, 'Bien','2023-05-20', 'leDessin.png'),	(311,6 ,'Bien','2023-06-02','leDessin2.png'),
(312,6, 'Mauvais','2023-05-26', 'leDessin.png'),	(312,6 ,'Assez bien','2023-05-26','leDessin2.png'),
(313,6, 'Bien','2023-05-18', 'leDessin.png'),	(313,6 ,'Très Bien','2023-05-27','leDessin2.png'),
(314,6, 'Assez bien','2023-05-23', 'leDessin.png'),	(314,6 ,'Très Bien','2023-05-22','leDessin2.png'),
(315,6, 'Très Bien','2023-05-31', 'leDessin.png'),	(315,6 ,'Très Bien','2023-05-22','leDessin2.png'),
(316,6, 'Bien','2023-05-22', 'leDessin.png'),	(316,6 ,'Assez bien','2023-05-19','leDessin2.png'),
-- Concours 7
(91,7, 'Très Bien','2023-08-01', 'leDessin.png'),	(91,7 ,'Parfait','2023-08-29','leDessin2.png'),
(92,7, 'Parfait','2023-07-27', 'leDessin.png'),	(92,7 ,'Mauvais','2023-07-10','leDessin2.png'),
(93,7, 'Très Bien','2023-07-10', 'leDessin.png'),	(93,7 ,'Parfait','2023-07-16','leDessin2.png'),
(94,7, 'Mauvais','2023-07-31', 'leDessin.png'),	(94,7 ,'Assez bien','2023-07-18','leDessin2.png'),
(95,7, 'Assez bien','2023-07-07', 'leDessin.png'),	(95,7 ,'Bien','2023-07-17','leDessin2.png'),
(96,7, 'Bien','2023-08-26', 'leDessin.png'),	(96,7 ,'Parfait','2023-07-19','leDessin2.png'),
(111,7, 'Très Bien','2023-07-21', 'leDessin.png'),	(111,7 ,'Assez bien','2023-07-31','leDessin2.png'),
(112,7, 'Très Bien','2023-08-02', 'leDessin.png'),	(112,7 ,'Très Bien','2023-08-19','leDessin2.png'),
(113,7, 'Assez bien','2023-08-29', 'leDessin.png'),	(113,7 ,'Très Bien','2023-07-13','leDessin2.png'),
(114,7, 'Parfait','2023-08-13', 'leDessin.png'),	(114,7 ,'Très Bien','2023-07-28','leDessin2.png'),
(115,7, 'Assez bien','2023-07-14', 'leDessin.png'),	(115,7 ,'Très Bien','2023-07-22','leDessin2.png'),
(116,7, 'Assez bien','2023-07-15', 'leDessin.png'),	(116,7 ,'Mauvais','2023-08-28','leDessin2.png'),
(131,7, 'Assez bien','2023-07-26', 'leDessin.png'),	(131,7 ,'Bien','2023-07-31','leDessin2.png'),
(132,7, 'Assez bien','2023-08-23', 'leDessin.png'),	(132,7 ,'Assez bien','2023-07-30','leDessin2.png'),
(133,7, 'Assez bien','2023-08-15', 'leDessin.png'),	(133,7 ,'Assez bien','2023-07-24','leDessin2.png'),
(134,7, 'Très Bien','2023-08-18', 'leDessin.png'),	(134,7 ,'Bien','2023-09-01','leDessin2.png'),
(135,7, 'Parfait','2023-07-21', 'leDessin.png'),	(135,7 ,'Bien','2023-07-29','leDessin2.png'),
(136,7, 'Bien','2023-08-25', 'leDessin.png'),	(136,7 ,'Parfait','2023-08-27','leDessin2.png'),
(151,7, 'Mauvais','2023-07-23', 'leDessin.png'),	(151,7 ,'Bien','2023-08-07','leDessin2.png'),
(152,7, 'Parfait','2023-07-30', 'leDessin.png'),	(152,7 ,'Parfait','2023-08-28','leDessin2.png'),
(153,7, 'Bien','2023-08-05', 'leDessin.png'),	(153,7 ,'Bien','2023-07-25','leDessin2.png'),
(154,7, 'Très Bien','2023-07-27', 'leDessin.png'),	(154,7 ,'Mauvais','2023-08-28','leDessin2.png'),
(155,7, 'Parfait','2023-08-24', 'leDessin.png'),	(155,7 ,'Mauvais','2023-08-01','leDessin2.png'),
(156,7, 'Parfait','2023-08-06', 'leDessin.png'),	(156,7 ,'Bien','2023-08-14','leDessin2.png'),
(171,7, 'Assez bien','2023-08-07', 'leDessin.png'),	(171,7 ,'Assez bien','2023-08-08','leDessin2.png'),
(172,7, 'Très Bien','2023-08-21', 'leDessin.png'),	(172,7 ,'Assez bien','2023-08-27','leDessin2.png'),
(173,7, 'Assez bien','2023-08-15', 'leDessin.png'),	(173,7 ,'Assez bien','2023-07-30','leDessin2.png'),
(174,7, 'Mauvais','2023-08-13', 'leDessin.png'),	(174,7 ,'Bien','2023-08-04','leDessin2.png'),
(175,7, 'Très Bien','2023-08-18', 'leDessin.png'),	(175,7 ,'Assez bien','2023-08-14','leDessin2.png'),
(176,7, 'Mauvais','2023-08-20', 'leDessin.png'),	(176,7 ,'Très Bien','2023-08-12','leDessin2.png'),
(191,7, 'Mauvais','2023-08-07', 'leDessin.png'),	(191,7 ,'Mauvais','2023-08-28','leDessin2.png'),
(192,7, 'Mauvais','2023-08-28', 'leDessin.png'),	(192,7 ,'Mauvais','2023-08-18','leDessin2.png'),
(193,7, 'Mauvais','2023-08-21', 'leDessin.png'),	(193,7 ,'Bien','2023-08-14','leDessin2.png'),
(194,7, 'Assez bien','2023-08-06', 'leDessin.png'),	(194,7 ,'Bien','2023-08-27','leDessin2.png'),
(195,7, 'Mauvais','2023-08-17', 'leDessin.png'),	(195,7 ,'Bien','2023-08-09','leDessin2.png'),
(196,7, 'Bien','2023-08-12', 'leDessin.png'),	(196,7 ,'Parfait','2023-08-06','leDessin2.png'),
(211,7, 'Parfait','2023-08-24', 'leDessin.png'),	(211,7 ,'Assez bien','2023-08-14','leDessin2.png'),
(212,7, 'Assez bien','2023-08-10', 'leDessin.png'),	(212,7 ,'Parfait','2023-08-29','leDessin2.png'),
(213,7, 'Assez bien','2023-08-24', 'leDessin.png'),	(213,7 ,'Bien','2023-08-15','leDessin2.png'),
(214,7, 'Très Bien','2023-08-24', 'leDessin.png'),	(214,7 ,'Parfait','2023-09-01','leDessin2.png'),
(215,7, 'Parfait','2023-09-01', 'leDessin.png'),	(215,7 ,'Mauvais','2023-08-10','leDessin2.png'),
(216,7, 'Mauvais','2023-08-21', 'leDessin.png'),	(216,7 ,'Très Bien','2023-08-11','leDessin2.png'),
(231,7, 'Mauvais','2023-08-12', 'leDessin.png'),	(231,7 ,'Très Bien','2023-08-16','leDessin2.png'),
(232,7, 'Bien','2023-08-31', 'leDessin.png'),	(232,7 ,'Très Bien','2023-08-18','leDessin2.png'),
(233,7, 'Bien','2023-08-27', 'leDessin.png'),	(233,7 ,'Parfait','2023-08-23','leDessin2.png'),
(234,7, 'Assez bien','2023-08-28', 'leDessin.png'),	(234,7 ,'Parfait','2023-08-28','leDessin2.png'),
(235,7, 'Bien','2023-08-25', 'leDessin.png'),	(235,7 ,'Assez bien','2023-08-20','leDessin2.png'),
(236,7, 'Bien','2023-08-24', 'leDessin.png'),	(236,7 ,'Assez bien','2023-08-26','leDessin2.png'),
-- Concours 8
(5,8, 'Mauvais','2023-11-13', 'leDessin.png'),	(5,8 ,'Mauvais','2023-10-29','leDessin2.png'),
(6,8, 'Parfait','2023-11-06', 'leDessin.png'),	(6,8 ,'Très Bien','2023-11-24','leDessin2.png'),
(7,8, 'Bien','2023-11-19', 'leDessin.png'),	(7,8 ,'Mauvais','2023-10-23','leDessin2.png'),
(8,8, 'Assez bien','2023-11-21', 'leDessin.png'),	(8,8 ,'Assez bien','2023-11-23','leDessin2.png'),
(9,8, 'Parfait','2023-11-10', 'leDessin.png'),	(9,8 ,'Mauvais','2023-10-18','leDessin2.png'),
(10,8, 'Bien','2023-11-18', 'leDessin.png'),	(10,8 ,'Mauvais','2023-10-13','leDessin2.png'),
(25,8, 'Très Bien','2023-10-08', 'leDessin.png'),	(25,8 ,'Mauvais','2023-10-11','leDessin2.png'),
(26,8, 'Parfait','2023-10-21', 'leDessin.png'),	(26,8 ,'Mauvais','2023-11-07','leDessin2.png'),
(27,8, 'Assez bien','2023-11-07', 'leDessin.png'),	(27,8 ,'Assez bien','2023-10-10','leDessin2.png'),
(28,8, 'Très Bien','2023-10-21', 'leDessin.png'),	(28,8 ,'Parfait','2023-11-09','leDessin2.png'),
(29,8, 'Très Bien','2023-11-15', 'leDessin.png'),	(29,8 ,'Assez bien','2023-11-27','leDessin2.png'),
(30,8, 'Parfait','2023-10-16', 'leDessin.png'),	(30,8 ,'Bien','2023-11-20','leDessin2.png'),
(45,8, 'Bien','2023-10-20', 'leDessin.png'),	(45,8 ,'Bien','2023-11-16','leDessin2.png'),
(46,8, 'Très Bien','2023-11-10', 'leDessin.png'),	(46,8 ,'Bien','2023-12-01','leDessin2.png'),
(47,8, 'Très Bien','2023-10-27', 'leDessin.png'),	(47,8 ,'Parfait','2023-10-21','leDessin2.png'),
(48,8, 'Mauvais','2023-10-27', 'leDessin.png'),	(48,8 ,'Bien','2023-10-29','leDessin2.png'),
(49,8, 'Assez bien','2023-11-29', 'leDessin.png'),	(49,8 ,'Assez bien','2023-10-21','leDessin2.png'),
(50,8, 'Assez bien','2023-11-26', 'leDessin.png'),	(50,8 ,'Assez bien','2023-10-18','leDessin2.png'),
(65,8, 'Parfait','2023-10-19', 'leDessin.png'),	(65,8 ,'Mauvais','2023-11-17','leDessin2.png'),
(66,8, 'Bien','2023-11-18', 'leDessin.png'),	(66,8 ,'Parfait','2023-11-25','leDessin2.png'),
(67,8, 'Mauvais','2023-10-24', 'leDessin.png'),	(67,8 ,'Mauvais','2023-10-28','leDessin2.png'),
(68,8, 'Très Bien','2023-11-20', 'leDessin.png'),	(68,8 ,'Très Bien','2023-11-13','leDessin2.png'),
(69,8, 'Assez bien','2023-11-09', 'leDessin.png'),	(69,8 ,'Mauvais','2023-10-23','leDessin2.png'),
(70,8, 'Mauvais','2023-11-05', 'leDessin.png'),	(70,8 ,'Bien','2023-11-18','leDessin2.png'),
(171,8, 'Assez bien','2023-10-29', 'leDessin.png'),	(171,8 ,'Bien','2023-11-21','leDessin2.png'),
(172,8, 'Très Bien','2023-11-24', 'leDessin.png'),	(172,8 ,'Assez bien','2023-11-07','leDessin2.png'),
(173,8, 'Bien','2023-11-16', 'leDessin.png'),	(173,8 ,'Assez bien','2023-11-05','leDessin2.png'),
(174,8, 'Mauvais','2023-11-24', 'leDessin.png'),	(174,8 ,'Très Bien','2023-11-07','leDessin2.png'),
(175,8, 'Parfait','2023-11-07', 'leDessin.png'),	(175,8 ,'Parfait','2023-11-29','leDessin2.png'),
(176,8, 'Mauvais','2023-11-19', 'leDessin.png'),	(176,8 ,'Très Bien','2023-11-08','leDessin2.png'),
(191,8, 'Mauvais','2023-11-23', 'leDessin.png'),	(191,8 ,'Très Bien','2023-11-25','leDessin2.png'),
(192,8, 'Assez bien','2023-11-11', 'leDessin.png'),	(192,8 ,'Bien','2023-11-20','leDessin2.png'),
(193,8, 'Mauvais','2023-11-12', 'leDessin.png'),	(193,8 ,'Bien','2023-11-08','leDessin2.png'),
(194,8, 'Bien','2023-11-22', 'leDessin.png'),	(194,8 ,'Assez bien','2023-11-27','leDessin2.png'),
(195,8, 'Mauvais','2023-12-01', 'leDessin.png'),	(195,8 ,'Bien','2023-11-20','leDessin2.png'),
(196,8, 'Parfait','2023-11-10', 'leDessin.png'),	(196,8 ,'Assez bien','2023-11-05','leDessin2.png'),
(211,8, 'Très Bien','2023-11-19', 'leDessin.png'),	(211,8 ,'Parfait','2023-11-25','leDessin2.png'),
(212,8, 'Bien','2023-11-30', 'leDessin.png'),	(212,8 ,'Bien','2023-11-30','leDessin2.png'),
(213,8, 'Parfait','2023-11-25', 'leDessin.png'),	(213,8 ,'Très Bien','2023-11-30','leDessin2.png'),
(214,8, 'Assez bien','2023-11-14', 'leDessin.png'),	(214,8 ,'Assez bien','2023-11-22','leDessin2.png'),
(215,8, 'Très Bien','2023-11-18', 'leDessin.png'),	(215,8 ,'Mauvais','2023-11-26','leDessin2.png'),
(216,8, 'Bien','2023-11-14', 'leDessin.png'),	(216,8 ,'Assez bien','2023-11-12','leDessin2.png'),
(231,8, 'Parfait','2023-11-16', 'leDessin.png'),	(231,8 ,'Mauvais','2023-11-18','leDessin2.png'),
(232,8, 'Parfait','2023-12-02', 'leDessin.png'),	(232,8 ,'Très Bien','2023-11-23','leDessin2.png'),
(233,8, 'Bien','2023-11-15', 'leDessin.png'),	(233,8 ,'Très Bien','2023-11-29','leDessin2.png'),
(234,8, 'Assez bien','2023-11-25', 'leDessin.png'),	(234,8 ,'Assez bien','2023-11-29','leDessin2.png'),
(235,8, 'Très Bien','2023-11-23', 'leDessin.png'),	(235,8 ,'Mauvais','2023-11-20','leDessin2.png'),
(236,8, 'Parfait','2023-11-24', 'leDessin.png'),	(236,8 ,'Très Bien','2023-11-26','leDessin2.png'),
-- Concours 9
(11,9, 'Très Bien','2024-02-23', 'leDessin.png'),	(11,9 ,'Très Bien','2024-02-07','leDessin2.png'),
(12,9, 'Très Bien','2024-02-13', 'leDessin.png'),	(12,9 ,'Mauvais','2024-02-16','leDessin2.png'),
(13,9, 'Parfait','2024-01-31', 'leDessin.png'),	(13,9 ,'Parfait','2024-01-18','leDessin2.png'),
(14,9, 'Parfait','2024-02-15', 'leDessin.png'),	(14,9 ,'Assez bien','2024-01-17','leDessin2.png'),
(15,9, 'Très Bien','2024-02-11', 'leDessin.png'),	(15,9 ,'Parfait','2024-02-24','leDessin2.png'),
(16,9, 'Parfait','2024-02-23', 'leDessin.png'),	(16,9 ,'Bien','2024-02-16','leDessin2.png'),
(31,9, 'Parfait','2024-02-23', 'leDessin.png'),	(31,9 ,'Mauvais','2024-01-18','leDessin2.png'),
(32,9, 'Parfait','2024-02-05', 'leDessin.png'),	(32,9 ,'Mauvais','2024-02-06','leDessin2.png'),
(33,9, 'Bien','2024-01-18', 'leDessin.png'),	(33,9 ,'Mauvais','2024-01-10','leDessin2.png'),
(34,9, 'Assez bien','2024-01-13', 'leDessin.png'),	(34,9 ,'Bien','2024-01-26','leDessin2.png'),
(35,9, 'Bien','2024-02-05', 'leDessin.png'),	(35,9 ,'Parfait','2024-02-26','leDessin2.png'),
(36,9, 'Bien','2024-01-20', 'leDessin.png'),	(36,9 ,'Bien','2024-01-26','leDessin2.png'),
(51,9, 'Bien','2024-03-02', 'leDessin.png'),	(51,9 ,'Très Bien','2024-02-06','leDessin2.png'),
(52,9, 'Mauvais','2024-03-03', 'leDessin.png'),	(52,9 ,'Assez bien','2024-02-29','leDessin2.png'),
(53,9, 'Mauvais','2024-01-26', 'leDessin.png'),	(53,9 ,'Bien','2024-02-16','leDessin2.png'),
(54,9, 'Assez bien','2024-02-03', 'leDessin.png'),	(54,9 ,'Parfait','2024-01-28','leDessin2.png'),
(55,9, 'Mauvais','2024-01-19', 'leDessin.png'),	(55,9 ,'Assez bien','2024-02-22','leDessin2.png'),
(56,9, 'Bien','2024-01-21', 'leDessin.png'),	(56,9 ,'Mauvais','2024-01-21','leDessin2.png'),
(71,9, 'Parfait','2024-02-21', 'leDessin.png'),	(71,9 ,'Bien','2024-03-03','leDessin2.png'),
(72,9, 'Parfait','2024-02-24', 'leDessin.png'),	(72,9 ,'Très Bien','2024-01-29','leDessin2.png'),
(73,9, 'Très Bien','2024-02-07', 'leDessin.png'),	(73,9 ,'Mauvais','2024-02-24','leDessin2.png'),
(74,9, 'Bien','2024-02-11', 'leDessin.png'),	(74,9 ,'Mauvais','2024-02-26','leDessin2.png'),
(75,9, 'Parfait','2024-03-03', 'leDessin.png'),	(75,9 ,'Très Bien','2024-03-03','leDessin2.png'),
(76,9, 'Bien','2024-02-24', 'leDessin.png'),	(76,9 ,'Mauvais','2024-02-19','leDessin2.png'),
(165,9, 'Parfait','2024-02-15', 'leDessin.png'),	(165,9 ,'Bien','2024-01-30','leDessin2.png'),
(166,9, 'Très Bien','2024-03-03', 'leDessin.png'),	(166,9 ,'Très Bien','2024-02-12','leDessin2.png'),
(167,9, 'Assez bien','2024-03-01', 'leDessin.png'),	(167,9 ,'Parfait','2024-02-04','leDessin2.png'),
(168,9, 'Bien','2024-02-23', 'leDessin.png'),	(168,9 ,'Très Bien','2024-02-26','leDessin2.png'),
(169,9, 'Assez bien','2024-03-02', 'leDessin.png'),	(169,9 ,'Parfait','2024-02-05','leDessin2.png'),
(170,9, 'Mauvais','2024-02-22', 'leDessin.png'),	(170,9 ,'Bien','2024-01-31','leDessin2.png'),
(185,9, 'Assez bien','2024-02-17', 'leDessin.png'),	(185,9 ,'Bien','2024-02-18','leDessin2.png'),
(186,9, 'Très Bien','2024-03-02', 'leDessin.png'),	(186,9 ,'Bien','2024-02-06','leDessin2.png'),
(187,9, 'Assez bien','2024-02-15', 'leDessin.png'),	(187,9 ,'Assez bien','2024-03-03','leDessin2.png'),
(188,9, 'Très Bien','2024-02-23', 'leDessin.png'),	(188,9 ,'Assez bien','2024-02-22','leDessin2.png'),
(189,9, 'Parfait','2024-02-20', 'leDessin.png'),	(189,9 ,'Très Bien','2024-02-23','leDessin2.png'),
(190,9, 'Parfait','2024-02-18', 'leDessin.png'),	(190,9 ,'Mauvais','2024-02-26','leDessin2.png'),
(205,9, 'Très Bien','2024-02-07', 'leDessin.png'),	(205,9 ,'Assez bien','2024-02-12','leDessin2.png'),
(206,9, 'Parfait','2024-02-28', 'leDessin.png'),	(206,9 ,'Bien','2024-02-29','leDessin2.png'),
(207,9, 'Bien','2024-03-02', 'leDessin.png'),	(207,9 ,'Parfait','2024-02-11','leDessin2.png'),
(208,9, 'Bien','2024-02-18', 'leDessin.png'),	(208,9 ,'Très Bien','2024-02-25','leDessin2.png'),
(209,9, 'Assez bien','2024-02-13', 'leDessin.png'),	(209,9 ,'Assez bien','2024-02-28','leDessin2.png'),
(210,9, 'Bien','2024-02-27', 'leDessin.png'),	(210,9 ,'Mauvais','2024-02-11','leDessin2.png'),
(225,9, 'Bien','2024-02-25', 'leDessin.png'),	(225,9 ,'Bien','2024-02-14','leDessin2.png'),
(226,9, 'Très Bien','2024-02-15', 'leDessin.png'),	(226,9 ,'Très Bien','2024-02-25','leDessin2.png'),
(227,9, 'Assez bien','2024-02-29', 'leDessin.png'),	(227,9 ,'Parfait','2024-02-21','leDessin2.png'),
(228,9, 'Bien','2024-02-29', 'leDessin.png'),	(228,9 ,'Très Bien','2024-02-21','leDessin2.png'),
(229,9, 'Assez bien','2024-03-01', 'leDessin.png'),	(229,9 ,'Bien','2024-02-25','leDessin2.png'),
(230,9, 'Mauvais','2024-02-27', 'leDessin.png'),	(230,9 ,'Parfait','2024-02-28','leDessin2.png');









-- Insertion pour la table Evaluateur
INSERT INTO Evaluateur (numEvaluateur, specialite)
VALUES
    (1,'Art Nouveau'),
(2,'Pop Art'),
(3,'Minimalisme'),
(4,'Futurisme'),
(5,'Pop Art'),
(6,'Pop Art'),
(7,'Art Nouveau'),
(8,'Steampunk'),
(9,'Minimalisme'),
(10,'Pop Art'),
(11,'Steampunk'),
(12,'Art Nouveau'),
(13,'Minimalisme'),
(14,'Futurisme'),
(15,'Minimalisme'),
(16,'Steampunk'),
(17,'Futurisme'),
(18,'Pop Art'),
(19,'Minimalisme'),
(20,'Futurisme'),
(21,'Minimalisme'),
(22,'Futurisme'),
(23,'Steampunk'),
(24,'Steampunk'),
(25,'Pop Art'),
(26,'Futurisme'),
(27,'Steampunk'),
(28,'Steampunk'),
(29,'Pop Art'),
(30,'Pop Art'),
(31,'Art Nouveau'),
(32,'Futurisme'),
(33,'Minimalisme'),
(34,'Steampunk'),
(35,'Steampunk'),
(36,'Steampunk'),
(37,'Steampunk'),
(38,'Art Nouveau'),
(39,'Steampunk'),
(40,'Art Nouveau'),
(41,'Pop Art'),
(42,'Pop Art'),
(43,'Art Nouveau'),
(44,'Art Nouveau'),
(45,'Minimalisme'),
(46,'Futurisme'),
(47,'Steampunk'),
(48,'Art Nouveau'),
(49,'Futurisme'),
(50,'Pop Art'),
(51,'Minimalisme'),
(52,'Art Nouveau'),
(53,'Art Nouveau'),
(54,'Futurisme'),
(55,'Futurisme'),
(56,'Art Nouveau'),
(57,'Minimalisme'),
(58,'Minimalisme'),
(59,'Futurisme'),
(60,'Futurisme'),
(61,'Steampunk'),
(62,'Minimalisme'),
(63,'Minimalisme'),
(64,'Art Nouveau'),
(65,'Minimalisme'),
(66,'Pop Art'),
(67,'Minimalisme'),
(68,'Art Nouveau'),
(69,'Futurisme'),
(70,'Minimalisme'),
(71,'Pop Art'),
(72,'Minimalisme'),
(73,'Minimalisme'),
(74,'Art Nouveau'),
(75,'Futurisme'),
(76,'Futurisme'),
(77,'Minimalisme'),
(78,'Pop Art'),
(79,'Art Nouveau'),
(80,'Futurisme'),
(81,'Steampunk'),
(82,'Pop Art'),
(83,'Pop Art'),
(84,'Pop Art'),
(85,'Art Nouveau'),
(86,'Steampunk'),
(87,'Pop Art'),
(88,'Pop Art'),
(89,'Futurisme'),
(90,'Steampunk'),
(91,'Pop Art'),
(92,'Futurisme'),
(93,'Steampunk'),
(94,'Art Nouveau'),
(95,'Futurisme'),
(96,'Art Nouveau'),
(97,'Minimalisme'),
(98,'Minimalisme'),
(99,'Art Nouveau'),
(100,'Art Nouveau'),
(101,'Pop Art'),
(102,'Pop Art'),
(103,'Steampunk'),
(104,'Futurisme'),
(105,'Minimalisme'),
(106,'Futurisme'),
(107,'Minimalisme'),
(108,'Art Nouveau'),
(109,'Minimalisme'),
(110,'Pop Art'),
(111,'Steampunk'),
(112,'Art Nouveau'),
(113,'Art Nouveau'),
(114,'Steampunk'),
(115,'Futurisme'),
(116,'Steampunk'),
(117,'Minimalisme'),
(118,'Pop Art'),
(119,'Pop Art'),
(120,'Minimalisme'),
(121,'Steampunk'),
(122,'Futurisme'),
(123,'Minimalisme'),
(124,'Art Nouveau'),
(125,'Art Nouveau'),
(126,'Pop Art'),
(127,'Futurisme'),
(128,'Futurisme'),
(129,'Minimalisme'),
(130,'Pop Art'),
(131,'Minimalisme'),
(132,'Futurisme'),
(133,'Minimalisme'),
(134,'Art Nouveau'),
(135,'Futurisme'),
(136,'Art Nouveau'),
(137,'Minimalisme'),
(138,'Steampunk'),
(139,'Steampunk'),
(140,'Futurisme'),
(141,'Art Nouveau'),
(142,'Steampunk'),
(143,'Minimalisme'),
(144,'Steampunk'),
(145,'Minimalisme'),
(146,'Futurisme'),
(147,'Minimalisme'),
(148,'Futurisme'),
(149,'Steampunk'),
(150,'Futurisme'),
(151,'Minimalisme'),
(152,'Steampunk'),
(153,'Art Nouveau'),
(154,'Pop Art'),
(155,'Art Nouveau'),
(156,'Pop Art'),
(157,'Art Nouveau'),
(158,'Futurisme'),
(159,'Pop Art'),
(160,'Art Nouveau'),
(161,'Steampunk'),
(162,'Pop Art'),
(163,'Pop Art'),
(164,'Steampunk'),
(165,'Art Nouveau'),
(166,'Futurisme'),
(167,'Pop Art'),
(168,'Steampunk'),
(169,'Steampunk'),
(170,'Minimalisme'),
(171,'Minimalisme'),
(172,'Art Nouveau'),
(173,'Pop Art'),
(174,'Art Nouveau'),
(175,'Art Nouveau'),
(176,'Futurisme'),
(177,'Art Nouveau'),
(178,'Art Nouveau'),
(179,'Minimalisme'),
(180,'Pop Art'),
(181,'Minimalisme'),
(182,'Art Nouveau'),
(183,'Art Nouveau'),
(184,'Steampunk'),
(185,'Futurisme'),
(186,'Art Nouveau'),
(187,'Art Nouveau'),
(188,'Minimalisme'),
(189,'Futurisme'),
(190,'Art Nouveau'),
(191,'Futurisme'),
(192,'Pop Art'),
(193,'Minimalisme'),
(194,'Art Nouveau'),
(195,'Pop Art'),
(196,'Steampunk'),
(197,'Futurisme'),
(198,'Pop Art'),
(199,'Pop Art'),
(200,'Pop Art'),
(201,'Pop Art'),
(202,'Futurisme'),
(203,'Steampunk'),
(204,'Steampunk'),
(205,'Minimalisme'),
(206,'Steampunk'),
(207,'Minimalisme'),
(208,'Art Nouveau'),
(209,'Pop Art'),
(210,'Steampunk'),
(211,'Pop Art'),
(212,'Art Nouveau'),
(213,'Minimalisme'),
(214,'Pop Art'),
(215,'Steampunk'),
(216,'Futurisme'),
(217,'Art Nouveau'),
(218,'Art Nouveau'),
(219,'Minimalisme'),
(220,'Art Nouveau'),
(221,'Steampunk'),
(222,'Steampunk'),
(223,'Pop Art'),
(224,'Minimalisme'),
(225,'Art Nouveau'),
(226,'Minimalisme'),
(227,'Futurisme'),
(228,'Pop Art'),
(229,'Futurisme'),
(230,'Art Nouveau'),
(231,'Art Nouveau'),
(232,'Pop Art'),
(233,'Minimalisme'),
(234,'Pop Art'),
(235,'Pop Art'),
(236,'Steampunk'),
(237,'Art Nouveau'),
(238,'Futurisme'),
(239,'Steampunk'),
(240,'Minimalisme'),
(241,'Futurisme'),
(242,'Minimalisme'),
(243,'Art Nouveau'),
(244,'Futurisme'),
(245,'Futurisme'),
(246,'Futurisme'),
(247,'Minimalisme'),
(248,'Minimalisme'),
(249,'Pop Art'),
(250,'Futurisme'),
(251,'Art Nouveau'),
(252,'Steampunk'),
(253,'Steampunk'),
(254,'Steampunk'),
(255,'Minimalisme'),
(256,'Steampunk'),
(257,'Pop Art'),
(258,'Pop Art'),
(259,'Minimalisme'),
(260,'Futurisme'),
(261,'Pop Art'),
(262,'Steampunk'),
(263,'Art Nouveau'),
(264,'Steampunk'),
(265,'Art Nouveau'),
(266,'Pop Art'),
(267,'Art Nouveau'),
(268,'Steampunk'),
(269,'Pop Art'),
(270,'Minimalisme'),
(271,'Art Nouveau'),
(272,'Minimalisme'),
(273,'Art Nouveau'),
(274,'Art Nouveau'),
(275,'Art Nouveau'),
(276,'Minimalisme'),
(277,'Minimalisme'),
(278,'Pop Art'),
(279,'Pop Art'),
(280,'Futurisme'),
(281,'Minimalisme'),
(282,'Minimalisme'),
(283,'Steampunk'),
(284,'Futurisme'),
(285,'Minimalisme'),
(286,'Minimalisme'),
(287,'Futurisme'),
(288,'Art Nouveau'),
(289,'Pop Art'),
(290,'Minimalisme'),
(291,'Art Nouveau'),
(292,'Pop Art'),
(293,'Pop Art'),
(294,'Steampunk'),
(295,'Steampunk'),
(296,'Steampunk'),
(297,'Minimalisme'),
(298,'Steampunk'),
(299,'Pop Art'),
(300,'Steampunk'),
(301,'Steampunk'),
(302,'Pop Art'),
(303,'Futurisme'),
(304,'Art Nouveau'),
(305,'Minimalisme'),
(306,'Art Nouveau'),
(307,'Minimalisme'),
(308,'Minimalisme'),
(309,'Pop Art'),
(310,'Futurisme'),
(311,'Art Nouveau'),
(312,'Futurisme'),
(313,'Steampunk'),
(314,'Art Nouveau'),
(315,'Pop Art'),
(316,'Futurisme'),
(317,'Pop Art'),
(318,'Art Nouveau'),
(319,'Futurisme'),
(320,'Steampunk');


-- Insertion pour la table Evaluation
INSERT INTO Evaluation (numDessin, numEvaluateur, dateEvaluation, note, commentaire)
VALUES
(1,22,'2024-02-03',15,'Mauvais'),	(1,24,'2024-01-21',7,'Parfait'),	(2,22,'2024-01-11',15,'Bien'),	(2,23,'2024-02-19',16,'Bien'),
(3,23,'2024-02-10',10,'Mauvais'),	(3,22,'2024-02-21',13,'Parfait'),	(4,23,'2024-01-08',18,'Bien'),	(4,24,'2024-02-24',18,'Parfait'),
(5,24,'2024-01-12',8,'Parfait'),	(5,23,'2024-01-25',18,'Mauvais'),	(6,22,'2024-01-24',11,'Parfait'),	(6,24,'2024-01-09',8,'Mauvais'),
(7,23,'2024-02-22',18,'Assez bien'),	(7,24,'2024-02-08',2,'Bien'),	(8,23,'2024-02-02',5,'Bien'),	(8,22,'2024-02-06',8,'Bien'),
(9,22,'2024-02-10',10,'Parfait'),	(9,23,'2024-01-07',19,'Très Bien'),	(10,24,'2024-02-21',5,'Parfait'),	(10,22,'2024-02-03',10,'Mauvais'),
(11,24,'2024-02-16',2,'Très Bien'),	(11,22,'2024-02-29',12,'Bien'),	(12,23,'2024-02-23',10,'Très Bien'),	(12,24,'2024-02-01',10,'Parfait'),
(13,42,'2024-01-31',12,'Mauvais'),	(13,44,'2024-01-21',17,'Bien'),	(14,42,'2024-01-20',13,'Parfait'),	(14,43,'2024-02-18',13,'Assez bien'),
(15,43,'2024-01-23',4,'Assez bien'),	(15,42,'2024-01-10',6,'Mauvais'),	(16,43,'2024-01-08',1,'Mauvais'),	(16,44,'2024-01-26',7,'Parfait'),
(17,44,'2024-01-16',10,'Bien'),	(17,43,'2024-02-20',4,'Mauvais'),	(18,42,'2024-02-08',11,'Bien'),	(18,44,'2024-01-15',17,'Parfait'),
(19,43,'2024-01-25',16,'Mauvais'),	(19,44,'2024-02-19',11,'Assez bien'),	(20,43,'2024-01-31',13,'Parfait'),	(20,42,'2024-01-26',20,'Mauvais'),
(21,42,'2024-02-13',14,'Très Bien'),	(21,43,'2024-01-14',11,'Parfait'),	(22,44,'2024-02-05',4,'Assez bien'),	(22,42,'2024-01-31',17,'Bien'),
(23,44,'2024-01-21',17,'Parfait'),	(23,42,'2024-02-04',16,'Mauvais'),	(24,43,'2024-01-28',4,'Mauvais'),	(24,44,'2024-02-25',5,'Bien'),
(25,62,'2024-02-15',14,'Très Bien'),	(25,64,'2024-02-17',1,'Parfait'),	(26,62,'2024-01-22',9,'Très Bien'),	(26,63,'2024-01-29',14,'Mauvais'),
(27,63,'2024-02-21',12,'Très Bien'),	(27,62,'2024-01-28',13,'Parfait'),	(28,63,'2024-02-18',12,'Parfait'),	(28,64,'2024-02-05',11,'Bien'),
(29,64,'2024-02-25',6,'Parfait'),	(29,63,'2024-01-30',4,'Mauvais'),	(30,62,'2024-01-29',20,'Très Bien'),	(30,64,'2024-02-04',5,'Bien'),
(31,63,'2024-01-17',12,'Parfait'),	(31,64,'2024-02-13',19,'Mauvais'),	(32,63,'2024-02-10',11,'Parfait'),	(32,62,'2024-02-27',3,'Parfait'),
(33,62,'2024-02-08',4,'Assez bien'),	(33,63,'2024-01-20',20,'Mauvais'),	(34,64,'2024-01-17',12,'Mauvais'),	(34,62,'2024-02-13',18,'Parfait'),
(35,64,'2024-02-06',4,'Bien'),	(35,62,'2024-02-25',5,'Très Bien'),	(36,63,'2024-02-11',5,'Très Bien'),	(36,64,'2024-02-16',3,'Parfait'),
(37,82,'2024-01-31',19,'Mauvais'),	(37,84,'2024-01-19',10,'Assez bien'),	(38,82,'2024-02-08',7,'Assez bien'),	(38,83,'2024-02-21',13,'Mauvais'),
(39,83,'2024-02-07',20,'Parfait'),	(39,82,'2024-01-25',7,'Bien'),	(40,83,'2024-02-24',12,'Parfait'),	(40,84,'2024-02-21',20,'Assez bien'),
(41,84,'2024-01-27',15,'Bien'),	(41,83,'2024-02-22',8,'Mauvais'),	(42,82,'2024-02-08',3,'Parfait'),	(42,84,'2024-02-21',15,'Assez bien'),
(43,83,'2024-02-22',20,'Parfait'),	(43,84,'2024-02-11',9,'Parfait'),	(44,83,'2024-02-13',14,'Bien'),	(44,82,'2024-01-31',11,'Mauvais'),
(45,82,'2024-02-24',17,'Parfait'),	(45,83,'2024-02-28',13,'Assez bien'),	(46,84,'2024-01-29',2,'Mauvais'),	(46,82,'2024-02-11',4,'Parfait'),
(47,84,'2024-01-28',7,'Parfait'),	(47,82,'2024-01-30',19,'Très Bien'),	(48,83,'2024-02-22',1,'Assez bien'),	(48,84,'2024-01-30',4,'Parfait'),
(49,102,'2024-01-28',15,'Mauvais'),	(49,104,'2024-02-09',1,'Très Bien'),	(50,102,'2024-02-05',9,'Assez bien'),	(50,103,'2024-02-04',16,'Mauvais'),
(51,103,'2024-02-22',20,'Mauvais'),	(51,102,'2024-02-28',2,'Parfait'),	(52,103,'2024-02-24',20,'Mauvais'),	(52,104,'2024-02-08',6,'Bien'),
(53,104,'2024-01-31',9,'Bien'),	(53,103,'2024-02-09',19,'Bien'),	(54,102,'2024-02-14',8,'Très Bien'),	(54,104,'2024-02-03',2,'Assez bien'),
(55,103,'2024-02-24',13,'Mauvais'),	(55,104,'2024-02-02',18,'Parfait'),	(56,103,'2024-02-21',2,'Assez bien'),	(56,102,'2024-02-15',3,'Assez bien'),
(57,102,'2024-02-02',9,'Parfait'),	(57,103,'2024-02-25',18,'Bien'),	(58,104,'2024-02-03',20,'Parfait'),	(58,102,'2024-01-31',13,'Parfait'),
(59,104,'2024-01-31',2,'Mauvais'),	(59,102,'2024-02-19',6,'Bien'),	(60,103,'2024-02-02',9,'Bien'),	(60,104,'2024-02-06',19,'Mauvais'),
(61,122,'2024-02-19',14,'Assez bien'),	(61,124,'2024-02-23',12,'Assez bien'),	(62,122,'2024-02-13',18,'Très Bien'),	(62,123,'2024-02-03',3,'Bien'),
(63,123,'2024-02-15',8,'Parfait'),	(63,122,'2024-02-24',18,'Bien'),	(64,123,'2024-02-15',1,'Mauvais'),	(64,124,'2024-02-15',2,'Parfait'),
(65,124,'2024-02-07',9,'Parfait'),	(65,123,'2024-02-24',19,'Parfait'),	(66,122,'2024-02-07',13,'Mauvais'),	(66,124,'2024-02-28',5,'Mauvais'),
(67,123,'2024-02-25',14,'Bien'),	(67,124,'2024-02-18',11,'Mauvais'),	(68,123,'2024-02-29',4,'Bien'),	(68,122,'2024-02-04',7,'Très Bien'),
(69,122,'2024-02-26',7,'Bien'),	(69,123,'2024-02-21',11,'Mauvais'),	(70,124,'2024-02-13',15,'Très Bien'),	(70,122,'2024-02-10',19,'Parfait'),
(71,124,'2024-02-08',15,'Parfait'),	(71,122,'2024-02-05',11,'Parfait'),	(72,123,'2024-02-24',14,'Mauvais'),	(72,124,'2024-02-08',17,'Mauvais'),
(73,142,'2024-02-12',19,'Très Bien'),	(73,144,'2024-02-19',4,'Assez bien'),	(74,142,'2024-02-06',2,'Assez bien'),	(74,143,'2024-02-21',10,'Mauvais'),
(75,143,'2024-02-17',7,'Mauvais'),	(75,142,'2024-02-17',9,'Bien'),	(76,143,'2024-02-22',2,'Parfait'),	(76,144,'2024-02-12',9,'Bien'),
(77,144,'2024-02-25',11,'Bien'),	(77,143,'2024-02-19',11,'Très Bien'),	(78,142,'2024-02-14',1,'Mauvais'),	(78,144,'2024-02-17',12,'Assez bien'),
(79,143,'2024-02-29',2,'Assez bien'),	(79,144,'2024-02-27',10,'Assez bien'),	(80,143,'2024-02-24',18,'Mauvais'),	(80,142,'2024-02-11',4,'Mauvais'),
(81,142,'2024-02-22',18,'Bien'),	(81,143,'2024-02-24',5,'Très Bien'),	(82,144,'2024-02-15',18,'Très Bien'),	(82,142,'2024-02-16',11,'Mauvais'),
(83,144,'2024-02-13',8,'Assez bien'),	(83,142,'2024-02-20',8,'Très Bien'),	(84,143,'2024-02-29',20,'Très Bien'),	(84,144,'2024-02-12',18,'Bien'),
(85,2,'2024-02-26',7,'Assez bien'),	(85,4,'2024-02-13',2,'Très Bien'),	(86,2,'2024-02-24',16,'Parfait'),	(86,3,'2024-02-20',1,'Bien'),
(87,3,'2024-02-17',14,'Assez bien'),	(87,2,'2024-02-13',2,'Mauvais'),	(88,3,'2024-02-27',1,'Très Bien'),	(88,4,'2024-02-26',3,'Très Bien'),
(89,4,'2024-02-29',6,'Bien'),	(89,3,'2024-02-22',20,'Bien'),	(90,2,'2024-02-20',15,'Bien'),	(90,4,'2024-02-22',19,'Parfait'),
(91,3,'2024-02-18',7,'Bien'),	(91,4,'2024-02-17',6,'Mauvais'),	(92,3,'2024-02-25',8,'Parfait'),	(92,2,'2024-02-18',19,'Mauvais'),
(93,2,'2024-02-29',18,'Mauvais'),	(93,3,'2024-02-29',13,'Assez bien'),	(94,4,'2024-02-26',10,'Assez bien'),	(94,2,'2024-02-24',18,'Parfait'),
(95,4,'2024-02-29',14,'Bien'),	(95,2,'2024-02-25',13,'Mauvais'),	(96,3,'2024-02-17',13,'Assez bien'),	(96,4,'2024-02-26',12,'Bien'),
-- concours2
(97,22,'2024-02-22',19,'Bien'),	(97,24,'2024-02-07',14,'Assez bien'),	(98,22,'2024-02-24',13,'Assez bien'),	(98,23,'2024-01-07',3,'Très Bien'),
(99,23,'2024-02-27',3,'Bien'),	(99,22,'2024-01-05',12,'Bien'),	(100,23,'2024-01-02',1,'Bien'),	(100,24,'2024-01-07',15,'Très Bien'),
(101,24,'2024-02-11',19,'Très Bien'),	(101,23,'2024-01-08',13,'Parfait'),	(102,22,'2024-02-26',17,'Assez bien'),	(102,24,'2024-01-07',12,'Parfait'),
(103,23,'2024-01-24',3,'Très Bien'),	(103,24,'2024-01-31',9,'Mauvais'),	(104,23,'2024-02-24',7,'Bien'),	(104,22,'2024-01-18',20,'Assez bien'),
(105,22,'2024-01-20',16,'Assez bien'),	(105,23,'2024-01-28',2,'Bien'),	(106,24,'2024-02-12',4,'Assez bien'),	(106,22,'2024-02-08',1,'Très Bien'),
(107,24,'2024-01-11',14,'Assez bien'),	(107,22,'2024-02-09',3,'Assez bien'),	(108,23,'2024-01-10',20,'Assez bien'),	(108,24,'2024-01-22',7,'Très Bien'),
(109,42,'2024-02-12',4,'Mauvais'),	(109,44,'2024-02-22',2,'Mauvais'),	(110,42,'2024-02-27',1,'Mauvais'),	(110,43,'2024-01-13',15,'Assez bien'),
(111,43,'2024-02-20',9,'Très Bien'),	(111,42,'2024-01-27',8,'Mauvais'),	(112,43,'2024-01-26',18,'Mauvais'),	(112,44,'2024-01-12',17,'Très Bien'),
(113,44,'2024-02-25',7,'Mauvais'),	(113,43,'2024-01-15',19,'Très Bien'),	(114,42,'2024-01-17',5,'Bien'),	(114,44,'2024-01-29',4,'Très Bien'),
(115,43,'2024-02-01',17,'Parfait'),	(115,44,'2024-01-26',18,'Mauvais'),	(116,43,'2024-01-22',5,'Mauvais'),	(116,42,'2024-02-14',1,'Assez bien'),
(117,42,'2024-02-26',7,'Très Bien'),	(117,43,'2024-02-20',7,'Mauvais'),	(118,44,'2024-02-29',19,'Assez bien'),	(118,42,'2024-01-21',9,'Parfait'),
(119,44,'2024-02-23',17,'Assez bien'),	(119,42,'2024-01-17',15,'Assez bien'),	(120,43,'2024-01-13',19,'Mauvais'),	(120,44,'2024-01-28',17,'Parfait'),
(121,62,'2024-02-08',15,'Assez bien'),	(121,64,'2024-01-19',16,'Assez bien'),	(122,62,'2024-01-26',8,'Mauvais'),	(122,63,'2024-02-17',5,'Assez bien'),
(123,63,'2024-02-24',18,'Très Bien'),	(123,62,'2024-02-19',11,'Bien'),	(124,63,'2024-02-19',12,'Parfait'),	(124,64,'2024-02-29',5,'Bien'),
(125,64,'2024-01-29',15,'Parfait'),	(125,63,'2024-01-29',13,'Assez bien'),	(126,62,'2024-02-16',2,'Parfait'),	(126,64,'2024-01-22',9,'Parfait'),
(127,63,'2024-02-25',13,'Parfait'),	(127,64,'2024-02-06',18,'Parfait'),	(128,63,'2024-02-15',10,'Très Bien'),	(128,62,'2024-02-25',16,'Bien'),
(129,62,'2024-02-29',19,'Très Bien'),	(129,63,'2024-01-24',14,'Bien'),	(130,64,'2024-02-25',7,'Assez bien'),	(130,62,'2024-02-20',11,'Parfait'),
(131,64,'2024-02-17',1,'Mauvais'),	(131,62,'2024-01-31',3,'Mauvais'),	(132,63,'2024-01-21',9,'Très Bien'),	(132,64,'2024-02-15',5,'Mauvais'),
(133,82,'2024-01-19',8,'Assez bien'),	(133,84,'2024-02-02',6,'Parfait'),	(134,82,'2024-02-13',1,'Parfait'),	(134,83,'2024-01-25',7,'Parfait'),
(135,83,'2024-02-15',13,'Assez bien'),	(135,82,'2024-01-21',6,'Très Bien'),	(136,83,'2024-02-15',17,'Bien'),	(136,84,'2024-02-18',4,'Assez bien'),
(137,84,'2024-02-20',3,'Assez bien'),	(137,83,'2024-02-26',9,'Assez bien'),	(138,82,'2024-02-01',10,'Parfait'),	(138,84,'2024-02-01',6,'Très Bien'),
(139,83,'2024-01-22',5,'Bien'),	(139,84,'2024-02-21',11,'Mauvais'),	(140,83,'2024-02-21',6,'Bien'),	(140,82,'2024-02-20',12,'Parfait'),
(141,82,'2024-02-12',7,'Bien'),	(141,83,'2024-02-23',5,'Mauvais'),	(142,84,'2024-02-17',6,'Parfait'),	(142,82,'2024-02-10',2,'Parfait'),
(143,84,'2024-01-24',12,'Mauvais'),	(143,82,'2024-01-28',20,'Assez bien'),	(144,83,'2024-02-19',16,'Parfait'),	(144,84,'2024-02-05',9,'Très Bien'),
(145,102,'2024-02-19',17,'Mauvais'),	(145,104,'2024-02-18',4,'Assez bien'),	(146,102,'2024-02-21',18,'Bien'),	(146,103,'2024-02-22',8,'Mauvais'),
(147,103,'2024-02-16',6,'Très Bien'),	(147,102,'2024-02-23',18,'Parfait'),	(148,103,'2024-02-14',15,'Parfait'),	(148,104,'2024-01-26',6,'Assez bien'),
(149,104,'2024-02-03',11,'Très Bien'),	(149,103,'2024-02-01',11,'Bien'),	(150,102,'2024-02-02',4,'Bien'),	(150,104,'2024-02-03',3,'Parfait'),
(151,103,'2024-02-09',15,'Très Bien'),	(151,104,'2024-02-03',10,'Bien'),	(152,103,'2024-02-13',14,'Assez bien'),	(152,102,'2024-02-14',12,'Mauvais'),
(153,102,'2024-02-06',15,'Bien'),	(153,103,'2024-02-15',9,'Parfait'),	(154,104,'2024-02-03',14,'Assez bien'),	(154,102,'2024-02-02',15,'Parfait'),
(155,104,'2024-02-09',17,'Très Bien'),	(155,102,'2024-02-13',10,'Très Bien'),	(156,103,'2024-02-05',8,'Bien'),	(156,104,'2024-02-23',20,'Très Bien'),
(157,122,'2024-01-31',12,'Parfait'),	(157,124,'2024-02-15',6,'Parfait'),	(158,122,'2024-02-12',6,'Mauvais'),	(158,123,'2024-02-07',4,'Bien'),
(159,123,'2024-02-24',8,'Mauvais'),	(159,122,'2024-02-21',9,'Assez bien'),	(160,123,'2024-02-27',3,'Mauvais'),	(160,124,'2024-02-25',7,'Très Bien'),
(161,124,'2024-02-06',17,'Mauvais'),	(161,123,'2024-02-22',6,'Parfait'),	(162,122,'2024-02-29',17,'Assez bien'),	(162,124,'2024-02-04',12,'Très Bien'),
(163,123,'2024-02-14',17,'Assez bien'),	(163,124,'2024-02-27',3,'Très Bien'),	(164,123,'2024-02-09',4,'Très Bien'),	(164,122,'2024-02-18',7,'Assez bien'),
(165,122,'2024-02-27',1,'Assez bien'),	(165,123,'2024-02-25',17,'Assez bien'),	(166,124,'2024-02-24',17,'Mauvais'),	(166,122,'2024-02-28',10,'Très Bien'),
(167,124,'2024-02-20',12,'Assez bien'),	(167,122,'2024-02-18',2,'Parfait'),	(168,123,'2024-02-06',12,'Assez bien'),	(168,124,'2024-02-23',5,'Mauvais'),
(169,142,'2024-02-25',13,'Très Bien'),	(169,144,'2024-02-16',3,'Parfait'),	(170,142,'2024-02-21',17,'Bien'),	(170,143,'2024-02-18',4,'Parfait'),
(171,143,'2024-02-24',13,'Très Bien'),	(171,142,'2024-02-12',1,'Assez bien'),	(172,143,'2024-02-19',6,'Bien'),	(172,144,'2024-02-22',1,'Très Bien'),
(173,144,'2024-02-08',16,'Parfait'),	(173,143,'2024-02-10',1,'Assez bien'),	(174,142,'2024-02-15',17,'Assez bien'),	(174,144,'2024-02-10',6,'Bien'),
(175,143,'2024-02-10',2,'Parfait'),	(175,144,'2024-02-23',19,'Parfait'),	(176,143,'2024-02-14',5,'Très Bien'),	(176,142,'2024-02-14',14,'Très Bien'),
(177,142,'2024-02-10',1,'Assez bien'),	(177,143,'2024-02-26',18,'Très Bien'),	(178,144,'2024-02-23',4,'Assez bien'),	(178,142,'2024-02-23',6,'Parfait'),
(179,144,'2024-02-12',18,'Mauvais'),	(179,142,'2024-02-29',11,'Bien'),	(180,143,'2024-02-26',4,'Très Bien'),	(180,144,'2024-02-17',18,'Très Bien'),
(181,2,'2024-02-19',4,'Mauvais'),	(181,4,'2024-02-14',20,'Très Bien'),	(182,2,'2024-02-24',20,'Mauvais'),	(182,3,'2024-02-29',14,'Très Bien'),
(183,3,'2024-02-17',2,'Très Bien'),	(183,2,'2024-02-19',18,'Mauvais'),	(184,3,'2024-02-15',11,'Bien'),	(184,4,'2024-02-15',16,'Assez bien'),
(185,4,'2024-02-26',9,'Bien'),	(185,3,'2024-02-16',13,'Très Bien'),	(186,2,'2024-02-24',14,'Bien'),	(186,4,'2024-02-22',8,'Parfait'),
(187,3,'2024-02-19',5,'Parfait'),	(187,4,'2024-02-25',15,'Bien'),	(188,3,'2024-02-20',11,'Parfait'),	(188,2,'2024-02-16',14,'Bien'),
(189,2,'2024-02-25',7,'Bien'),	(189,3,'2024-02-17',15,'Très Bien'),	(190,4,'2024-02-18',2,'Assez bien'),	(190,2,'2024-02-29',5,'Très Bien'),
(191,4,'2024-02-25',16,'Mauvais'),	(191,2,'2024-02-18',11,'Assez bien'),	(192,3,'2024-02-23',14,'Bien'),	(192,4,'2024-02-29',20,'Très Bien'),
-- Concours 3
(193,182,'2022-07-25',6,'Parfait'),	(193,184,'2022-07-26',6,'Bien'),	(194,182,'2022-08-08',10,'Mauvais'),	(194,183,'2022-08-19',13,'Très Bien'),
(195,183,'2022-08-19',9,'Parfait'),	(195,182,'2022-07-08',18,'Parfait'),	(196,183,'2022-07-11',19,'Assez bien'),	(196,184,'2022-08-15',15,'Parfait'),
(197,184,'2022-07-08',9,'Assez bien'),	(197,183,'2022-07-21',13,'Mauvais'),	(198,182,'2022-07-24',18,'Assez bien'),	(198,184,'2022-07-29',10,'Parfait'),
(199,183,'2022-08-15',8,'Parfait'),	(199,184,'2022-08-30',12,'Assez bien'),	(200,183,'2022-07-30',6,'Assez bien'),	(200,182,'2022-07-23',18,'Parfait'),
(201,182,'2022-07-17',18,'Assez bien'),	(201,183,'2022-08-12',18,'Très Bien'),	(202,184,'2022-08-22',11,'Très Bien'),	(202,182,'2022-08-12',11,'Très Bien'),
(203,184,'2022-07-22',6,'Mauvais'),	(203,182,'2022-09-01',2,'Parfait'),	(204,183,'2022-08-22',16,'Mauvais'),	(204,184,'2022-08-25',7,'Assez bien'),
(205,202,'2022-07-08',10,'Assez bien'),	(205,204,'2022-07-19',2,'Parfait'),	(206,202,'2022-07-27',20,'Assez bien'),	(206,203,'2022-07-19',3,'Parfait'),
(207,203,'2022-09-01',20,'Assez bien'),	(207,202,'2022-08-20',7,'Mauvais'),	(208,203,'2022-08-23',5,'Très Bien'),	(208,204,'2022-08-30',9,'Parfait'),
(209,204,'2022-08-20',17,'Mauvais'),	(209,203,'2022-08-01',7,'Mauvais'),	(210,202,'2022-07-11',15,'Mauvais'),	(210,204,'2022-08-09',16,'Assez bien'),
(211,203,'2022-08-05',13,'Assez bien'),	(211,204,'2022-08-25',14,'Mauvais'),	(212,203,'2022-08-10',18,'Parfait'),	(212,202,'2022-08-30',13,'Mauvais'),
(213,202,'2022-08-31',13,'Très Bien'),	(213,203,'2022-08-23',11,'Très Bien'),	(214,204,'2022-08-29',11,'Mauvais'),	(214,202,'2022-08-25',6,'Très Bien'),
(215,204,'2022-08-06',20,'Parfait'),	(215,202,'2022-07-19',9,'Très Bien'),	(216,203,'2022-07-18',14,'Très Bien'),	(216,204,'2022-08-12',6,'Parfait'),
(217,222,'2022-08-30',4,'Bien'),	(217,224,'2022-07-19',2,'Parfait'),	(218,222,'2022-08-30',7,'Très Bien'),	(218,223,'2022-08-05',1,'Mauvais'),
(219,223,'2022-08-10',13,'Bien'),	(219,222,'2022-08-07',19,'Mauvais'),	(220,223,'2022-07-19',11,'Très Bien'),	(220,224,'2022-07-24',12,'Bien'),
(221,224,'2022-07-25',12,'Mauvais'),	(221,223,'2022-08-29',11,'Bien'),	(222,222,'2022-08-08',13,'Bien'),	(222,224,'2022-07-25',3,'Mauvais'),
(223,223,'2022-07-30',4,'Très Bien'),	(223,224,'2022-08-25',7,'Mauvais'),	(224,223,'2022-08-08',10,'Bien'),	(224,222,'2022-07-27',20,'Très Bien'),
(225,222,'2022-08-23',14,'Très Bien'),	(225,223,'2022-08-29',9,'Mauvais'),	(226,224,'2022-08-24',3,'Bien'),	(226,222,'2022-07-29',11,'Mauvais'),
(227,224,'2022-08-12',2,'Parfait'),	(227,222,'2022-07-24',3,'Bien'),	(228,223,'2022-07-31',1,'Bien'),	(228,224,'2022-07-26',3,'Assez bien'),
(229,242,'2022-08-03',7,'Bien'),	(229,244,'2022-08-03',10,'Assez bien'),	(230,242,'2022-08-29',7,'Bien'),	(230,243,'2022-07-21',6,'Mauvais'),
(231,243,'2022-08-26',19,'Parfait'),	(231,242,'2022-08-11',19,'Mauvais'),	(232,243,'2022-08-12',11,'Très Bien'),	(232,244,'2022-08-22',11,'Très Bien'),
(233,244,'2022-08-03',19,'Parfait'),	(233,243,'2022-08-18',8,'Parfait'),	(234,242,'2022-07-26',12,'Bien'),	(234,244,'2022-08-23',9,'Bien'),
(235,243,'2022-07-24',3,'Assez bien'),	(235,244,'2022-08-21',4,'Parfait'),	(236,243,'2022-08-25',5,'Bien'),	(236,242,'2022-08-22',7,'Bien'),
(237,242,'2022-08-21',3,'Très Bien'),	(237,243,'2022-08-29',4,'Mauvais'),	(238,244,'2022-08-30',13,'Bien'),	(238,242,'2022-08-13',8,'Très Bien'),
(239,244,'2022-08-29',18,'Bien'),	(239,242,'2022-07-31',18,'Très Bien'),	(240,243,'2022-08-19',2,'Mauvais'),	(240,244,'2022-08-26',1,'Assez bien'),
(241,262,'2022-08-10',10,'Assez bien'),	(241,264,'2022-08-16',2,'Assez bien'),	(242,262,'2022-08-24',19,'Assez bien'),	(242,263,'2022-08-13',5,'Bien'),
(243,263,'2022-08-02',2,'Assez bien'),	(243,262,'2022-08-24',11,'Assez bien'),	(244,263,'2022-08-01',19,'Parfait'),	(244,264,'2022-08-30',7,'Assez bien'),
(245,104,'2022-08-21',1,'Assez bien'),	(245,263,'2022-08-22',13,'Mauvais'),	(246,262,'2022-07-28',20,'Très Bien'),	(246,264,'2022-08-09',7,'Assez bien'),
(247,263,'2022-08-04',11,'Assez bien'),	(247,264,'2022-08-15',17,'Bien'),	(248,263,'2022-08-22',10,'Mauvais'),	(248,262,'2022-08-27',8,'Mauvais'),
(249,262,'2022-07-29',19,'Très Bien'),	(249,263,'2022-08-25',12,'Très Bien'),	(250,264,'2022-08-06',14,'Bien'),	(250,262,'2022-08-19',13,'Mauvais'),
(251,264,'2022-08-06',20,'Assez bien'),	(251,262,'2022-09-01',19,'Très Bien'),	(252,263,'2022-08-20',4,'Bien'),	(252,264,'2022-08-04',2,'Mauvais'),
(253,282,'2022-09-01',2,'Mauvais'),	(253,284,'2022-08-07',10,'Très Bien'),	(254,282,'2022-08-25',7,'Mauvais'),	(254,283,'2022-08-12',12,'Parfait'),
(255,283,'2022-08-13',18,'Parfait'),	(255,282,'2022-08-18',10,'Mauvais'),	(256,283,'2022-08-20',11,'Très Bien'),	(256,284,'2022-08-21',2,'Bien'),
(257,284,'2022-08-28',16,'Parfait'),	(257,283,'2022-08-15',7,'Très Bien'),	(258,282,'2022-08-06',3,'Mauvais'),	(258,284,'2022-08-23',9,'Bien'),
(259,283,'2022-08-03',18,'Mauvais'),	(259,284,'2022-08-08',4,'Mauvais'),	(260,283,'2022-08-27',8,'Parfait'),	(260,282,'2022-08-20',16,'Parfait'),
(261,282,'2022-08-27',16,'Bien'),	(261,283,'2022-08-11',13,'Assez bien'),	(262,284,'2022-08-16',9,'Assez bien'),	(262,282,'2022-08-14',19,'Bien'),
(263,284,'2022-08-14',18,'Bien'),	(263,282,'2022-08-05',17,'Assez bien'),	(264,283,'2022-08-16',14,'Mauvais'),	(264,284,'2022-08-21',13,'Bien'),
(265,302,'2022-08-11',15,'Parfait'),	(265,304,'2022-08-15',17,'Bien'),	(266,302,'2022-08-14',20,'Mauvais'),	(266,303,'2022-08-30',6,'Très Bien'),
(267,303,'2022-08-30',20,'Très Bien'),	(267,302,'2022-08-26',3,'Assez bien'),	(268,303,'2022-08-30',7,'Bien'),	(268,304,'2022-08-26',7,'Très Bien'),
(269,304,'2022-08-22',16,'Bien'),	(269,303,'2022-08-12',6,'Très Bien'),	(270,302,'2022-08-13',20,'Mauvais'),	(270,304,'2022-08-12',18,'Très Bien'),
(271,303,'2022-08-16',1,'Mauvais'),	(271,304,'2022-08-23',8,'Bien'),	(272,303,'2022-08-26',6,'Bien'),	(272,302,'2022-08-09',9,'Parfait'),
(273,302,'2022-08-29',6,'Très Bien'),	(273,303,'2022-08-20',17,'Très Bien'),	(274,304,'2022-08-21',2,'Assez bien'),	(274,302,'2022-08-28',3,'Très Bien'),
(275,304,'2022-08-11',17,'Assez bien'),	(275,302,'2022-08-25',15,'Très Bien'),	(276,303,'2022-08-22',9,'Mauvais'),	(276,304,'2022-08-11',7,'Parfait'),
(277,162,'2022-08-16',6,'Mauvais'),	(277,164,'2022-08-19',4,'Très Bien'),	(278,162,'2022-08-18',6,'Très Bien'),	(278,163,'2022-08-26',16,'Très Bien'),
(279,163,'2022-08-15',13,'Assez bien'),	(279,162,'2022-08-21',8,'Bien'),	(280,163,'2022-08-18',20,'Parfait'),	(280,164,'2022-08-26',19,'Assez bien'),
(281,164,'2022-08-22',2,'Assez bien'),	(281,163,'2022-09-01',3,'Parfait'),	(282,162,'2022-08-31',3,'Très Bien'),	(282,164,'2022-08-16',9,'Parfait'),
(283,163,'2022-08-25',18,'Très Bien'),	(283,164,'2022-08-27',4,'Mauvais'),	(284,163,'2022-08-16',15,'Mauvais'),	(284,162,'2022-08-27',19,'Parfait'),
(285,162,'2022-08-17',18,'Mauvais'),	(285,163,'2022-08-26',13,'Bien'),	(286,164,'2022-08-23',3,'Très Bien'),	(286,162,'2022-08-29',20,'Parfait'),
(287,164,'2022-08-28',14,'Mauvais'),	(287,162,'2022-08-30',3,'Parfait'),	(288,163,'2022-09-01',14,'Bien'),	(288,164,'2022-08-26',9,'Très Bien'),
-- Concours 4
(289,182,'2022-10-19',15,'Mauvais'),	(289,184,'2022-11-27',17,'Bien'),	(290,182,'2022-11-24',12,'Parfait'),	(290,183,'2022-10-20',19,'Mauvais'),
(291,183,'2022-11-25',14,'Assez bien'),	(291,182,'2022-11-10',4,'Parfait'),	(292,183,'2022-10-24',8,'Très Bien'),	(292,184,'2022-11-29',5,'Très Bien'),
(293,184,'2022-12-01',1,'Très Bien'),	(293,183,'2022-10-06',16,'Assez bien'),	(294,182,'2022-11-16',13,'Assez bien'),	(294,184,'2022-10-04',20,'Très Bien'),
(295,183,'2022-11-03',20,'Parfait'),	(295,184,'2022-10-09',12,'Assez bien'),	(296,183,'2022-10-23',11,'Bien'),	(296,182,'2022-11-28',9,'Mauvais'),
(297,182,'2022-10-09',16,'Bien'),	(297,183,'2022-11-25',2,'Très Bien'),	(298,184,'2022-11-27',17,'Très Bien'),	(298,182,'2022-10-14',1,'Assez bien'),
(299,184,'2022-11-26',10,'Assez bien'),	(299,182,'2022-11-18',20,'Très Bien'),	(300,183,'2022-10-07',8,'Mauvais'),	(300,184,'2022-12-02',18,'Parfait'),
(301,202,'2022-10-12',19,'Assez bien'),	(301,204,'2022-11-15',17,'Très Bien'),	(302,202,'2022-11-20',1,'Assez bien'),	(302,203,'2022-11-10',14,'Parfait'),
(303,203,'2022-10-26',2,'Très Bien'),	(303,202,'2022-11-07',20,'Mauvais'),	(304,203,'2022-11-14',3,'Très Bien'),	(304,204,'2022-11-03',1,'Bien'),
(305,204,'2022-10-17',9,'Mauvais'),	(305,203,'2022-11-17',7,'Bien'),	(306,202,'2022-11-23',1,'Mauvais'),	(306,204,'2022-10-24',1,'Mauvais'),
(307,203,'2022-11-17',11,'Parfait'),	(307,204,'2022-11-29',17,'Assez bien'),	(308,203,'2022-11-07',5,'Parfait'),	(308,202,'2022-11-30',19,'Assez bien'),
(309,202,'2022-11-26',13,'Assez bien'),	(309,203,'2022-10-13',20,'Bien'),	(310,204,'2022-11-23',7,'Parfait'),	(310,202,'2022-11-21',8,'Assez bien'),
(311,204,'2022-10-17',15,'Parfait'),	(311,202,'2022-10-26',13,'Assez bien'),	(312,203,'2022-10-17',8,'Assez bien'),	(312,204,'2022-11-04',16,'Bien'),
(313,222,'2022-10-21',12,'Assez bien'),	(313,224,'2022-10-14',14,'Mauvais'),	(314,222,'2022-11-30',13,'Bien'),	(314,223,'2022-11-05',1,'Bien'),
(315,223,'2022-10-25',11,'Bien'),	(315,222,'2022-10-28',19,'Assez bien'),	(316,223,'2022-10-17',12,'Très Bien'),	(316,224,'2022-10-30',6,'Parfait'),
(317,224,'2022-11-23',1,'Parfait'),	(317,223,'2022-10-29',3,'Parfait'),	(318,222,'2022-10-15',2,'Parfait'),	(318,224,'2022-10-17',3,'Mauvais'),
(319,223,'2022-11-09',18,'Bien'),	(319,224,'2022-11-14',2,'Parfait'),	(320,223,'2022-11-09',11,'Assez bien'),	(320,222,'2022-10-31',8,'Assez bien'),
(321,222,'2022-11-12',4,'Mauvais'),	(321,223,'2022-12-02',19,'Mauvais'),	(322,224,'2022-11-23',13,'Assez bien'),	(322,222,'2022-12-01',4,'Bien'),
(323,224,'2022-11-08',4,'Assez bien'),	(323,222,'2022-11-18',16,'Parfait'),	(324,223,'2022-10-28',1,'Parfait'),	(324,224,'2022-11-07',16,'Bien'),
(325,242,'2022-11-11',20,'Mauvais'),	(325,244,'2022-11-15',8,'Assez bien'),	(326,242,'2022-10-31',3,'Très Bien'),	(326,243,'2022-10-29',2,'Mauvais'),
(327,243,'2022-11-06',7,'Très Bien'),	(327,242,'2022-11-14',13,'Parfait'),	(328,243,'2022-10-24',15,'Très Bien'),	(328,244,'2022-11-30',10,'Mauvais'),
(329,244,'2022-11-27',17,'Bien'),	(329,243,'2022-10-31',11,'Assez bien'),	(330,242,'2022-11-24',14,'Bien'),	(330,244,'2022-10-22',11,'Parfait'),
(331,243,'2022-11-27',11,'Très Bien'),	(331,244,'2022-11-24',9,'Bien'),	(332,243,'2022-10-23',3,'Assez bien'),	(332,242,'2022-11-17',6,'Très Bien'),
(333,242,'2022-11-05',8,'Parfait'),	(333,243,'2022-11-24',13,'Parfait'),	(334,244,'2022-11-23',10,'Parfait'),	(334,242,'2022-10-23',15,'Bien'),
(335,244,'2022-11-01',4,'Assez bien'),	(335,242,'2022-11-10',6,'Parfait'),	(336,243,'2022-11-24',1,'Parfait'),	(336,244,'2022-11-09',3,'Parfait'),
(337,262,'2022-11-04',8,'Parfait'),	(337,264,'2022-11-13',17,'Assez bien'),	(338,262,'2022-11-09',17,'Très Bien'),	(338,263,'2022-11-14',19,'Très Bien'),
(339,263,'2022-11-15',8,'Très Bien'),	(339,262,'2022-11-06',7,'Bien'),	(340,263,'2022-11-14',10,'Mauvais'),	(340,264,'2022-11-23',4,'Mauvais'),
(341,104,'2022-11-27',19,'Parfait'),	(341,263,'2022-10-27',6,'Bien'),	(342,262,'2022-11-12',20,'Bien'),	(342,264,'2022-11-29',11,'Assez bien'),
(343,263,'2022-11-04',12,'Parfait'),	(343,264,'2022-11-29',18,'Mauvais'),	(344,263,'2022-11-10',2,'Parfait'),	(344,262,'2022-11-18',18,'Assez bien'),
(345,262,'2022-11-21',1,'Très Bien'),	(345,263,'2022-10-29',7,'Bien'),	(346,264,'2022-11-08',18,'Bien'),	(346,262,'2022-11-25',11,'Parfait'),
(347,264,'2022-10-31',20,'Assez bien'),	(347,262,'2022-11-11',19,'Très Bien'),	(348,263,'2022-11-14',19,'Très Bien'),	(348,264,'2022-11-23',4,'Parfait'),
(349,282,'2022-11-16',9,'Bien'),	(349,284,'2022-12-01',7,'Bien'),	(350,282,'2022-11-21',17,'Mauvais'),	(350,283,'2022-11-20',5,'Parfait'),
(351,283,'2022-11-27',3,'Mauvais'),	(351,282,'2022-11-26',17,'Parfait'),	(352,283,'2022-11-22',12,'Mauvais'),	(352,284,'2022-11-19',4,'Parfait'),
(353,284,'2022-11-08',6,'Bien'),	(353,283,'2022-11-19',5,'Parfait'),	(354,282,'2022-11-03',15,'Bien'),	(354,284,'2022-11-22',13,'Assez bien'),
(355,283,'2022-11-20',8,'Bien'),	(355,284,'2022-12-01',19,'Assez bien'),	(356,283,'2022-11-10',20,'Parfait'),	(356,282,'2022-11-10',14,'Parfait'),
(357,282,'2022-11-26',2,'Très Bien'),	(357,283,'2022-11-09',13,'Très Bien'),	(358,284,'2022-11-23',11,'Assez bien'),	(358,282,'2022-11-18',16,'Parfait'),
(359,284,'2022-11-23',3,'Bien'),	(359,282,'2022-11-21',7,'Bien'),	(360,283,'2022-11-13',13,'Très Bien'),	(360,284,'2022-11-11',2,'Mauvais'),
(361,302,'2022-12-02',1,'Mauvais'),	(361,304,'2022-11-09',2,'Mauvais'),	(362,302,'2022-11-08',16,'Mauvais'),	(362,303,'2022-11-25',12,'Assez bien'),
(363,303,'2022-11-08',13,'Mauvais'),	(363,302,'2022-11-21',20,'Bien'),	(364,303,'2022-11-29',18,'Assez bien'),	(364,304,'2022-11-11',17,'Bien'),
(365,304,'2022-11-30',6,'Très Bien'),	(365,303,'2022-11-23',14,'Bien'),	(366,302,'2022-11-30',16,'Assez bien'),	(366,304,'2022-11-19',17,'Mauvais'),
(367,303,'2022-11-18',20,'Assez bien'),	(367,304,'2022-11-20',2,'Bien'),	(368,303,'2022-11-21',3,'Très Bien'),	(368,302,'2022-11-27',14,'Assez bien'),
(369,302,'2022-11-28',9,'Très Bien'),	(369,303,'2022-11-19',6,'Bien'),	(370,304,'2022-11-12',5,'Bien'),	(370,302,'2022-11-12',9,'Mauvais'),
(371,304,'2022-12-01',20,'Parfait'),	(371,302,'2022-11-21',15,'Très Bien'),	(372,303,'2022-11-21',18,'Très Bien'),	(372,304,'2022-11-25',19,'Assez bien'),
(373,162,'2022-11-18',6,'Bien'),	(373,164,'2022-11-17',5,'Parfait'),	(374,162,'2022-11-13',18,'Assez bien'),	(374,163,'2022-11-13',19,'Parfait'),
(375,163,'2022-12-01',13,'Mauvais'),	(375,162,'2022-12-02',13,'Très Bien'),	(376,163,'2022-11-22',6,'Très Bien'),	(376,164,'2022-11-26',18,'Bien'),
(377,164,'2022-11-17',6,'Mauvais'),	(377,163,'2022-11-28',10,'Bien'),	(378,162,'2022-11-24',2,'Parfait'),	(378,164,'2022-11-18',3,'Assez bien'),
(379,163,'2022-11-27',9,'Très Bien'),	(379,164,'2022-11-25',10,'Très Bien'),	(380,163,'2022-11-30',18,'Bien'),	(380,162,'2022-11-29',5,'Parfait'),
(381,162,'2022-11-16',12,'Assez bien'),	(381,163,'2022-11-24',16,'Parfait'),	(382,164,'2022-12-02',13,'Mauvais'),	(382,162,'2022-11-23',20,'Assez bien'),
(383,164,'2022-11-27',9,'Mauvais'),	(383,162,'2022-12-02',6,'Assez bien'),	(384,163,'2022-11-27',2,'Parfait'),	(384,164,'2022-12-01',4,'Bien'),
-- Concours 5
(385,22,'2023-01-13',9,'Mauvais'),	(385,24,'2023-01-12',15,'Assez bien'),	(386,22,'2023-01-11',13,'Mauvais'),	(386,23,'2023-02-04',4,'Mauvais'),
(387,23,'2023-01-07',2,'Bien'),	(387,22,'2023-01-21',15,'Bien'),	(388,23,'2023-01-17',10,'Parfait'),	(388,24,'2023-01-28',1,'Mauvais'),
(389,24,'2023-02-02',11,'Très Bien'),	(389,23,'2023-01-12',12,'Très Bien'),	(390,22,'2023-01-31',19,'Assez bien'),	(390,24,'2023-01-06',3,'Parfait'),
(391,23,'2023-01-07',4,'Parfait'),	(391,24,'2023-01-10',1,'Parfait'),	(392,23,'2023-02-13',10,'Bien'),	(392,22,'2023-02-22',14,'Assez bien'),
(393,22,'2023-02-05',4,'Très Bien'),	(393,23,'2023-02-14',10,'Bien'),	(394,24,'2023-01-09',6,'Très Bien'),	(394,22,'2023-02-06',19,'Bien'),
(395,24,'2023-02-20',20,'Assez bien'),	(395,22,'2023-01-18',11,'Assez bien'),	(396,23,'2023-01-20',9,'Parfait'),	(396,24,'2023-01-30',2,'Parfait'),
(397,42,'2023-01-29',18,'Mauvais'),	(397,44,'2023-02-06',8,'Très Bien'),	(398,42,'2023-02-25',10,'Très Bien'),	(398,43,'2023-01-25',18,'Assez bien'),
(399,43,'2023-01-29',7,'Assez bien'),	(399,42,'2023-02-02',3,'Très Bien'),	(400,43,'2023-01-11',9,'Assez bien'),	(400,44,'2023-01-08',12,'Mauvais'),
(401,44,'2023-02-17',5,'Mauvais'),	(401,43,'2023-01-29',1,'Bien'),	(402,42,'2023-01-14',10,'Assez bien'),	(402,44,'2023-01-15',9,'Bien'),
(403,43,'2023-01-31',16,'Parfait'),	(403,44,'2023-03-01',18,'Bien'),	(404,43,'2023-02-17',14,'Assez bien'),	(404,42,'2023-01-15',8,'Parfait'),
(405,42,'2023-02-02',8,'Bien'),	(405,43,'2023-02-25',20,'Parfait'),	(406,44,'2023-02-05',13,'Bien'),	(406,42,'2023-02-13',19,'Bien'),
(407,44,'2023-01-23',10,'Mauvais'),	(407,42,'2023-01-20',2,'Très Bien'),	(408,43,'2023-02-22',4,'Mauvais'),	(408,44,'2023-02-18',5,'Assez bien'),
(409,62,'2023-02-25',13,'Bien'),	(409,64,'2023-03-03',8,'Assez bien'),	(410,62,'2023-02-10',16,'Mauvais'),	(410,63,'2023-03-01',1,'Assez bien'),
(411,63,'2023-02-22',12,'Bien'),	(411,62,'2023-01-14',15,'Bien'),	(412,63,'2023-01-19',12,'Parfait'),	(412,64,'2023-02-10',2,'Parfait'),
(413,64,'2023-02-17',9,'Parfait'),	(413,63,'2023-02-28',12,'Bien'),	(414,62,'2023-01-30',12,'Assez bien'),	(414,64,'2023-01-20',14,'Mauvais'),
(415,63,'2023-02-17',10,'Bien'),	(415,64,'2023-01-23',10,'Assez bien'),	(416,63,'2023-01-27',16,'Très Bien'),	(416,62,'2023-02-08',14,'Très Bien'),
(417,62,'2023-02-28',1,'Mauvais'),	(417,63,'2023-02-14',4,'Parfait'),	(418,64,'2023-02-24',3,'Assez bien'),	(418,62,'2023-02-13',2,'Parfait'),
(419,64,'2023-01-22',4,'Assez bien'),	(419,62,'2023-01-25',6,'Assez bien'),	(420,63,'2023-02-26',7,'Mauvais'),	(420,64,'2023-01-31',3,'Bien'),
(421,242,'2023-02-02',14,'Bien'),	(421,244,'2023-01-25',17,'Très Bien'),	(422,242,'2023-02-21',19,'Très Bien'),	(422,243,'2023-02-27',15,'Bien'),
(423,243,'2023-01-27',8,'Mauvais'),	(423,242,'2023-02-06',8,'Bien'),	(424,243,'2023-02-17',5,'Bien'),	(424,244,'2023-02-09',11,'Très Bien'),
(425,244,'2023-02-28',7,'Mauvais'),	(425,243,'2023-02-28',11,'Mauvais'),	(426,242,'2023-02-27',14,'Mauvais'),	(426,244,'2023-02-13',18,'Mauvais'),
(427,243,'2023-02-20',1,'Assez bien'),	(427,244,'2023-02-13',2,'Mauvais'),	(428,243,'2023-01-22',19,'Mauvais'),	(428,242,'2023-02-13',19,'Très Bien'),
(429,242,'2023-02-25',18,'Parfait'),	(429,243,'2023-01-26',9,'Assez bien'),	(430,244,'2023-02-23',12,'Très Bien'),	(430,242,'2023-01-25',3,'Très Bien'),
(431,244,'2023-02-08',19,'Assez bien'),	(431,242,'2023-02-25',6,'Bien'),	(432,243,'2023-03-03',15,'Parfait'),	(432,244,'2023-02-01',20,'Bien'),
(433,262,'2023-02-17',12,'Assez bien'),	(433,264,'2023-03-02',11,'Bien'),	(434,262,'2023-02-07',17,'Mauvais'),	(434,263,'2023-02-17',20,'Mauvais'),
(435,263,'2023-02-02',17,'Mauvais'),	(435,262,'2023-01-30',19,'Très Bien'),	(436,263,'2023-01-29',14,'Mauvais'),	(436,264,'2023-02-17',14,'Assez bien'),
(437,104,'2023-02-20',6,'Bien'),	(437,263,'2023-03-04',7,'Très Bien'),	(438,262,'2023-02-11',20,'Mauvais'),	(438,264,'2023-02-02',20,'Parfait'),
(439,263,'2023-03-03',3,'Très Bien'),	(439,264,'2023-02-13',10,'Bien'),	(440,263,'2023-01-28',14,'Très Bien'),	(440,262,'2023-01-29',18,'Assez bien'),
(441,262,'2023-02-17',9,'Parfait'),	(441,263,'2023-02-06',1,'Parfait'),	(442,264,'2023-02-06',11,'Assez bien'),	(442,262,'2023-02-21',9,'Bien'),
(443,264,'2023-03-01',3,'Très Bien'),	(443,262,'2023-02-23',3,'Parfait'),	(444,263,'2023-02-07',12,'Bien'),	(444,264,'2023-02-17',15,'Très Bien'),
(445,282,'2023-02-18',6,'Parfait'),	(445,284,'2023-03-04',20,'Parfait'),	(446,282,'2023-02-09',9,'Très Bien'),	(446,283,'2023-02-10',1,'Mauvais'),
(447,283,'2023-02-06',10,'Assez bien'),	(447,282,'2023-02-16',14,'Mauvais'),	(448,283,'2023-02-25',20,'Assez bien'),	(448,284,'2023-02-17',8,'Parfait'),
(449,284,'2023-02-12',11,'Bien'),	(449,283,'2023-02-02',8,'Parfait'),	(450,282,'2023-02-22',12,'Bien'),	(450,284,'2023-02-21',3,'Parfait'),
(451,283,'2023-02-26',16,'Mauvais'),	(451,284,'2023-02-14',20,'Assez bien'),	(452,283,'2023-02-14',14,'Parfait'),	(452,282,'2023-02-09',20,'Mauvais'),
(453,282,'2023-02-19',12,'Très Bien'),	(453,283,'2023-02-05',12,'Bien'),	(454,284,'2023-02-09',16,'Très Bien'),	(454,282,'2023-02-22',6,'Bien'),
(455,284,'2023-02-06',10,'Très Bien'),	(455,282,'2023-02-25',17,'Parfait'),	(456,283,'2023-03-04',3,'Assez bien'),	(456,284,'2023-02-18',17,'Parfait'),
(457,302,'2023-02-12',15,'Très Bien'),	(457,304,'2023-02-18',20,'Assez bien'),	(458,302,'2023-02-17',13,'Très Bien'),	(458,303,'2023-02-13',1,'Assez bien'),
(459,303,'2023-03-01',19,'Assez bien'),	(459,302,'2023-02-18',1,'Mauvais'),	(460,303,'2023-02-19',6,'Bien'),	(460,304,'2023-02-16',10,'Très Bien'),
(461,304,'2023-02-15',6,'Assez bien'),	(461,303,'2023-02-08',4,'Bien'),	(462,302,'2023-02-14',7,'Parfait'),	(462,304,'2023-02-16',14,'Assez bien'),
(463,303,'2023-02-23',20,'Mauvais'),	(463,304,'2023-02-28',6,'Bien'),	(464,303,'2023-02-15',1,'Très Bien'),	(464,302,'2023-02-27',17,'Parfait'),
(465,302,'2023-02-23',2,'Assez bien'),	(465,303,'2023-02-27',3,'Très Bien'),	(466,304,'2023-02-25',20,'Très Bien'),	(466,302,'2023-02-28',2,'Mauvais'),
(467,304,'2023-02-27',14,'Assez bien'),	(467,302,'2023-03-02',6,'Bien'),	(468,303,'2023-02-23',11,'Assez bien'),	(468,304,'2023-02-16',19,'Mauvais'),
(469,2,'2023-02-25',10,'Très Bien'),	(469,4,'2023-02-12',1,'Assez bien'),	(470,2,'2023-02-26',1,'Parfait'),	(470,3,'2023-02-26',18,'Bien'),
(471,3,'2023-02-20',13,'Parfait'),	(471,2,'2023-03-03',10,'Bien'),	(472,3,'2023-03-03',17,'Bien'),	(472,4,'2023-02-24',12,'Assez bien'),
(473,4,'2023-02-28',19,'Mauvais'),	(473,3,'2023-02-19',5,'Mauvais'),	(474,2,'2023-02-17',8,'Parfait'),	(474,4,'2023-02-20',2,'Assez bien'),
(475,3,'2023-02-27',7,'Bien'),	(475,4,'2023-02-25',12,'Assez bien'),	(476,3,'2023-02-19',15,'Mauvais'),	(476,2,'2023-02-22',15,'Bien'),
(477,2,'2023-03-03',13,'Assez bien'),	(477,3,'2023-02-22',9,'Parfait'),	(478,4,'2023-03-01',6,'Assez bien'),	(478,2,'2023-02-23',3,'Très Bien'),
(479,4,'2023-02-18',11,'Assez bien'),	(479,2,'2023-02-25',7,'Bien'),	(480,3,'2023-02-24',16,'Bien'),	(480,4,'2023-02-18',7,'Bien'),
-- Concours 6
(481,102,'2023-04-20',6,'Assez bien'),	(481,104,'2023-04-20',1,'Parfait'),	(482,102,'2023-05-07',13,'Mauvais'),	(482,103,'2023-05-23',6,'Parfait'),
(483,103,'2023-05-26',17,'Bien'),	(483,102,'2023-04-26',19,'Parfait'),	(484,103,'2023-04-24',16,'Bien'),	(484,104,'2023-04-30',5,'Mauvais'),
(485,104,'2023-04-05',6,'Parfait'),	(485,103,'2023-05-31',18,'Parfait'),	(486,102,'2023-05-30',7,'Mauvais'),	(486,104,'2023-05-29',3,'Bien'),
(487,103,'2023-04-10',12,'Bien'),	(487,104,'2023-04-20',2,'Très Bien'),	(488,103,'2023-04-15',12,'Bien'),	(488,102,'2023-04-15',13,'Assez bien'),
(489,102,'2023-05-06',13,'Mauvais'),	(489,103,'2023-04-08',14,'Parfait'),	(490,104,'2023-05-14',2,'Parfait'),	(490,102,'2023-05-23',7,'Très Bien'),
(491,104,'2023-04-23',18,'Parfait'),	(491,102,'2023-05-04',12,'Mauvais'),	(492,103,'2023-04-27',10,'Assez bien'),	(492,104,'2023-05-29',10,'Parfait'),
(493,122,'2023-04-15',18,'Très Bien'),	(493,124,'2023-05-12',18,'Très Bien'),	(494,122,'2023-05-11',11,'Assez bien'),	(494,123,'2023-04-11',18,'Mauvais'),
(495,123,'2023-04-22',3,'Bien'),	(495,122,'2023-05-17',3,'Parfait'),	(496,123,'2023-04-11',11,'Assez bien'),	(496,124,'2023-05-29',2,'Mauvais'),
(497,124,'2023-05-09',4,'Parfait'),	(497,123,'2023-04-22',2,'Parfait'),	(498,122,'2023-05-17',2,'Bien'),	(498,124,'2023-05-30',10,'Mauvais'),
(499,123,'2023-05-05',18,'Bien'),	(499,124,'2023-05-17',5,'Très Bien'),	(500,123,'2023-05-25',8,'Très Bien'),	(500,122,'2023-04-23',19,'Assez bien'),
(501,122,'2023-05-31',2,'Bien'),	(501,123,'2023-04-28',4,'Très Bien'),	(502,124,'2023-05-05',3,'Mauvais'),	(502,122,'2023-05-21',2,'Mauvais'),
(503,124,'2023-05-18',6,'Parfait'),	(503,122,'2023-05-25',6,'Mauvais'),	(504,123,'2023-05-15',11,'Parfait'),	(504,124,'2023-05-12',1,'Mauvais'),
(505,142,'2023-05-07',15,'Très Bien'),	(505,144,'2023-05-26',3,'Mauvais'),	(506,142,'2023-05-03',15,'Très Bien'),	(506,143,'2023-05-07',8,'Mauvais'),
(507,143,'2023-05-14',10,'Très Bien'),	(507,142,'2023-04-24',1,'Bien'),	(508,143,'2023-04-24',19,'Parfait'),	(508,144,'2023-05-06',14,'Assez bien'),
(509,144,'2023-05-17',12,'Mauvais'),	(509,143,'2023-05-07',2,'Mauvais'),	(510,142,'2023-06-02',4,'Très Bien'),	(510,144,'2023-05-26',16,'Très Bien'),
(511,143,'2023-04-23',19,'Assez bien'),	(511,144,'2023-04-22',18,'Parfait'),	(512,143,'2023-04-29',19,'Bien'),	(512,142,'2023-05-16',20,'Parfait'),
(513,142,'2023-05-04',9,'Très Bien'),	(513,143,'2023-04-18',6,'Assez bien'),	(514,144,'2023-05-03',2,'Mauvais'),	(514,142,'2023-05-23',12,'Assez bien'),
(515,144,'2023-04-18',12,'Très Bien'),	(515,142,'2023-04-29',8,'Parfait'),	(516,143,'2023-05-19',14,'Mauvais'),	(516,144,'2023-05-23',17,'Bien'),
(517,242,'2023-05-09',16,'Assez bien'),	(517,244,'2023-05-30',3,'Mauvais'),	(518,242,'2023-05-23',3,'Parfait'),	(518,243,'2023-05-19',3,'Bien'),
(519,243,'2023-04-30',15,'Bien'),	(519,242,'2023-05-02',15,'Assez bien'),	(520,243,'2023-05-16',17,'Parfait'),	(520,244,'2023-05-13',7,'Bien'),
(521,244,'2023-05-26',18,'Assez bien'),	(521,243,'2023-04-23',5,'Assez bien'),	(522,242,'2023-05-03',5,'Bien'),	(522,244,'2023-05-19',2,'Très Bien'),
(523,243,'2023-05-23',18,'Parfait'),	(523,244,'2023-05-31',10,'Très Bien'),	(524,243,'2023-05-31',13,'Assez bien'),	(524,242,'2023-05-09',18,'Mauvais'),
(525,242,'2023-04-29',17,'Bien'),	(525,243,'2023-05-03',20,'Bien'),	(526,244,'2023-05-06',20,'Mauvais'),	(526,242,'2023-05-24',3,'Parfait'),
(527,244,'2023-04-24',2,'Parfait'),	(527,242,'2023-05-23',17,'Mauvais'),	(528,243,'2023-05-29',16,'Mauvais'),	(528,244,'2023-04-27',2,'Mauvais'),
(529,262,'2023-05-01',3,'Bien'),	(529,264,'2023-04-25',20,'Assez bien'),	(530,262,'2023-05-29',10,'Mauvais'),	(530,263,'2023-05-15',18,'Assez bien'),
(531,263,'2023-05-28',16,'Très Bien'),	(531,262,'2023-05-09',11,'Bien'),	(532,263,'2023-05-10',9,'Assez bien'),	(532,264,'2023-05-01',9,'Très Bien'),
(533,104,'2023-05-22',18,'Très Bien'),	(533,263,'2023-05-22',5,'Très Bien'),	(534,262,'2023-05-06',17,'Parfait'),	(534,264,'2023-05-27',10,'Très Bien'),
(535,263,'2023-04-28',3,'Parfait'),	(535,264,'2023-06-01',5,'Bien'),	(536,263,'2023-05-25',4,'Assez bien'),	(536,262,'2023-05-17',9,'Assez bien'),
(537,262,'2023-05-26',14,'Parfait'),	(537,263,'2023-05-14',7,'Mauvais'),	(538,264,'2023-05-23',17,'Parfait'),	(538,262,'2023-06-01',2,'Assez bien'),
(539,264,'2023-05-20',16,'Très Bien'),	(539,262,'2023-05-19',19,'Bien'),	(540,263,'2023-05-13',19,'Mauvais'),	(540,264,'2023-05-03',18,'Très Bien'),
(541,282,'2023-06-01',6,'Parfait'),	(541,284,'2023-05-07',14,'Bien'),	(542,282,'2023-05-07',4,'Parfait'),	(542,283,'2023-05-22',8,'Assez bien'),
(543,283,'2023-05-14',2,'Assez bien'),	(543,282,'2023-05-19',16,'Très Bien'),	(544,283,'2023-05-02',20,'Mauvais'),	(544,284,'2023-05-04',12,'Assez bien'),
(545,284,'2023-05-25',18,'Bien'),	(545,283,'2023-05-13',2,'Bien'),	(546,282,'2023-05-30',19,'Parfait'),	(546,284,'2023-05-15',17,'Assez bien'),
(547,283,'2023-05-12',8,'Parfait'),	(547,284,'2023-05-10',19,'Assez bien'),	(548,283,'2023-05-13',7,'Parfait'),	(548,282,'2023-05-25',20,'Assez bien'),
(549,282,'2023-05-31',6,'Bien'),	(549,283,'2023-05-17',14,'Mauvais'),	(550,284,'2023-05-06',12,'Très Bien'),	(550,282,'2023-05-14',12,'Assez bien'),
(551,284,'2023-05-09',17,'Bien'),	(551,282,'2023-05-25',7,'Mauvais'),	(552,283,'2023-05-25',9,'Bien'),	(552,284,'2023-05-19',12,'Parfait'),
(553,302,'2023-05-27',19,'Très Bien'),	(553,304,'2023-05-10',19,'Bien'),	(554,302,'2023-05-09',9,'Parfait'),	(554,303,'2023-05-21',18,'Parfait'),
(555,303,'2023-05-08',8,'Mauvais'),	(555,302,'2023-05-30',17,'Très Bien'),	(556,303,'2023-05-21',5,'Assez bien'),	(556,304,'2023-05-19',13,'Parfait'),
(557,304,'2023-05-27',20,'Parfait'),	(557,303,'2023-05-24',18,'Très Bien'),	(558,302,'2023-05-12',17,'Mauvais'),	(558,304,'2023-05-24',5,'Bien'),
(559,303,'2023-05-27',6,'Bien'),	(559,304,'2023-05-24',9,'Bien'),	(560,303,'2023-05-14',10,'Mauvais'),	(560,302,'2023-05-12',12,'Très Bien'),
(561,302,'2023-05-21',15,'Bien'),	(561,303,'2023-06-01',3,'Mauvais'),	(562,304,'2023-05-19',14,'Parfait'),	(562,302,'2023-05-18',10,'Bien'),
(563,304,'2023-05-19',11,'Mauvais'),	(563,302,'2023-05-30',14,'Assez bien'),	(564,303,'2023-05-26',2,'Assez bien'),	(564,304,'2023-05-22',16,'Bien'),
(565,82,'2023-05-15',16,'Mauvais'),	(565,84,'2023-05-13',17,'Parfait'),	(566,82,'2023-05-13',16,'Parfait'),	(566,83,'2023-05-31',2,'Mauvais'),
(567,83,'2023-05-27',9,'Parfait'),	(567,82,'2023-05-28',7,'Assez bien'),	(568,83,'2023-05-28',12,'Très Bien'),	(568,84,'2023-05-26',5,'Mauvais'),
(569,84,'2023-05-18',13,'Assez bien'),	(569,83,'2023-05-28',17,'Assez bien'),	(570,82,'2023-05-19',17,'Assez bien'),	(570,84,'2023-06-02',13,'Très Bien'),
(571,83,'2023-06-01',4,'Très Bien'),	(571,84,'2023-05-30',17,'Bien'),	(572,83,'2023-05-31',4,'Bien'),	(572,82,'2023-05-25',10,'Parfait'),
(573,82,'2023-05-22',4,'Bien'),	(573,83,'2023-05-27',18,'Parfait'),	(574,84,'2023-05-29',1,'Assez bien'),	(574,82,'2023-05-17',8,'Bien'),
(575,84,'2023-05-28',14,'Mauvais'),	(575,82,'2023-06-01',2,'Assez bien'),	(576,83,'2023-05-23',2,'Assez bien'),	(576,84,'2023-05-27',8,'Mauvais'),
-- Concours 7
(577,102,'2023-08-27',3,'Assez bien'),	(577,104,'2023-07-11',10,'Bien'),	(578,102,'2023-07-17',1,'Bien'),	(578,103,'2023-08-02',13,'Parfait'),
(579,103,'2023-08-09',2,'Mauvais'),	(579,102,'2023-08-29',7,'Mauvais'),	(580,103,'2023-08-01',12,'Bien'),	(580,104,'2023-08-09',6,'Mauvais'),
(581,104,'2023-08-29',14,'Parfait'),	(581,103,'2023-07-17',19,'Parfait'),	(582,102,'2023-08-30',13,'Bien'),	(582,104,'2023-07-24',18,'Mauvais'),
(583,103,'2023-07-07',6,'Bien'),	(583,104,'2023-07-08',13,'Assez bien'),	(584,103,'2023-07-15',1,'Assez bien'),	(584,102,'2023-08-02',15,'Très Bien'),
(585,102,'2023-09-01',5,'Parfait'),	(585,103,'2023-07-27',6,'Mauvais'),	(586,104,'2023-08-06',12,'Parfait'),	(586,102,'2023-08-23',15,'Assez bien'),
(587,104,'2023-07-25',3,'Parfait'),	(587,102,'2023-07-26',13,'Mauvais'),	(588,103,'2023-07-11',14,'Parfait'),	(588,104,'2023-07-09',15,'Bien'),
(589,122,'2023-08-04',10,'Mauvais'),	(589,124,'2023-07-31',10,'Très Bien'),	(590,122,'2023-08-22',9,'Mauvais'),	(590,123,'2023-07-09',12,'Parfait'),
(591,123,'2023-08-31',10,'Parfait'),	(591,122,'2023-07-09',11,'Assez bien'),	(592,123,'2023-08-05',1,'Bien'),	(592,124,'2023-08-05',13,'Très Bien'),
(593,124,'2023-07-31',17,'Assez bien'),	(593,123,'2023-08-26',7,'Très Bien'),	(594,122,'2023-08-02',20,'Assez bien'),	(594,124,'2023-08-01',13,'Parfait'),
(595,123,'2023-07-18',18,'Mauvais'),	(595,124,'2023-07-17',15,'Très Bien'),	(596,123,'2023-07-31',17,'Assez bien'),	(596,122,'2023-07-31',1,'Mauvais'),
(597,122,'2023-08-11',17,'Mauvais'),	(597,123,'2023-07-26',5,'Parfait'),	(598,124,'2023-08-06',6,'Très Bien'),	(598,122,'2023-07-14',20,'Parfait'),
(599,124,'2023-08-11',13,'Assez bien'),	(599,122,'2023-08-02',20,'Parfait'),	(600,123,'2023-08-05',17,'Bien'),	(600,124,'2023-08-16',12,'Parfait'),
(601,142,'2023-07-26',11,'Parfait'),	(601,144,'2023-08-13',10,'Bien'),	(602,142,'2023-07-23',1,'Parfait'),	(602,143,'2023-07-30',4,'Mauvais'),
(603,143,'2023-07-15',14,'Mauvais'),	(603,142,'2023-08-11',12,'Très Bien'),	(604,143,'2023-08-12',11,'Parfait'),	(604,144,'2023-08-20',4,'Bien'),
(605,144,'2023-08-11',18,'Parfait'),	(605,143,'2023-08-29',16,'Assez bien'),	(606,142,'2023-08-18',12,'Assez bien'),	(606,144,'2023-08-20',14,'Très Bien'),
(607,143,'2023-08-17',17,'Très Bien'),	(607,144,'2023-07-16',7,'Parfait'),	(608,143,'2023-08-08',15,'Très Bien'),	(608,142,'2023-08-10',13,'Bien'),
(609,142,'2023-08-23',10,'Bien'),	(609,143,'2023-07-23',6,'Mauvais'),	(610,144,'2023-07-31',3,'Mauvais'),	(610,142,'2023-07-31',15,'Mauvais'),
(611,144,'2023-08-01',19,'Très Bien'),	(611,142,'2023-08-23',7,'Parfait'),	(612,143,'2023-08-18',10,'Assez bien'),	(612,144,'2023-07-19',5,'Bien'),
(613,162,'2023-08-19',8,'Bien'),	(613,164,'2023-08-24',5,'Très Bien'),	(614,162,'2023-08-08',15,'Parfait'),	(614,163,'2023-08-04',4,'Très Bien'),
(615,163,'2023-08-04',4,'Mauvais'),	(615,162,'2023-08-26',20,'Mauvais'),	(616,163,'2023-08-09',16,'Parfait'),	(616,164,'2023-08-15',19,'Assez bien'),
(617,164,'2023-08-12',7,'Mauvais'),	(617,163,'2023-08-25',7,'Très Bien'),	(618,162,'2023-08-30',8,'Bien'),	(618,164,'2023-07-23',20,'Très Bien'),
(619,163,'2023-09-01',20,'Bien'),	(619,164,'2023-08-10',2,'Bien'),	(620,163,'2023-08-21',2,'Assez bien'),	(620,162,'2023-08-08',3,'Parfait'),
(621,162,'2023-08-10',4,'Très Bien'),	(621,163,'2023-08-06',10,'Parfait'),	(622,164,'2023-08-22',11,'Mauvais'),	(622,162,'2023-07-30',7,'Très Bien'),
(623,164,'2023-08-18',17,'Assez bien'),	(623,162,'2023-07-24',12,'Parfait'),	(624,163,'2023-08-01',6,'Assez bien'),	(624,164,'2023-07-30',8,'Très Bien'),
(625,182,'2023-08-11',10,'Bien'),	(625,184,'2023-08-27',2,'Mauvais'),	(626,182,'2023-07-29',19,'Assez bien'),	(626,183,'2023-08-07',16,'Bien'),
(627,183,'2023-08-07',4,'Mauvais'),	(627,182,'2023-08-16',15,'Assez bien'),	(628,183,'2023-08-21',4,'Parfait'),	(628,184,'2023-08-19',14,'Parfait'),
(629,104,'2023-08-22',17,'Très Bien'),	(629,183,'2023-07-27',10,'Mauvais'),	(630,182,'2023-08-23',2,'Très Bien'),	(630,184,'2023-08-20',3,'Bien'),
(631,183,'2023-08-15',13,'Assez bien'),	(631,184,'2023-08-06',15,'Bien'),	(632,183,'2023-08-03',2,'Assez bien'),	(632,182,'2023-08-19',5,'Parfait'),
(633,182,'2023-08-15',18,'Bien'),	(633,183,'2023-08-07',9,'Mauvais'),	(634,184,'2023-08-31',7,'Mauvais'),	(634,182,'2023-08-11',15,'Assez bien'),
(635,184,'2023-09-01',2,'Parfait'),	(635,182,'2023-08-26',7,'Assez bien'),	(636,183,'2023-08-23',14,'Bien'),	(636,184,'2023-08-01',1,'Bien'),
(637,202,'2023-08-22',5,'Très Bien'),	(637,204,'2023-08-17',18,'Mauvais'),	(638,202,'2023-08-09',19,'Mauvais'),	(638,203,'2023-08-09',13,'Mauvais'),
(639,203,'2023-08-24',19,'Parfait'),	(639,202,'2023-08-31',15,'Parfait'),	(640,203,'2023-08-21',9,'Assez bien'),	(640,204,'2023-08-12',9,'Mauvais'),
(641,204,'2023-08-18',14,'Mauvais'),	(641,203,'2023-08-04',8,'Assez bien'),	(642,202,'2023-08-19',5,'Très Bien'),	(642,204,'2023-08-22',3,'Mauvais'),
(643,203,'2023-08-12',18,'Mauvais'),	(643,204,'2023-08-11',19,'Bien'),	(644,203,'2023-08-26',18,'Bien'),	(644,202,'2023-08-08',16,'Parfait'),
(645,202,'2023-08-05',17,'Parfait'),	(645,203,'2023-08-24',18,'Mauvais'),	(646,204,'2023-08-14',9,'Bien'),	(646,202,'2023-08-08',15,'Assez bien'),
(647,204,'2023-08-17',5,'Parfait'),	(647,202,'2023-08-14',6,'Bien'),	(648,203,'2023-08-31',5,'Mauvais'),	(648,204,'2023-08-20',20,'Bien'),
(649,222,'2023-08-31',6,'Parfait'),	(649,224,'2023-08-24',16,'Très Bien'),	(650,222,'2023-08-28',9,'Mauvais'),	(650,223,'2023-08-10',9,'Parfait'),
(651,223,'2023-08-21',13,'Parfait'),	(651,222,'2023-08-15',1,'Assez bien'),	(652,223,'2023-08-18',16,'Bien'),	(652,224,'2023-08-13',2,'Très Bien'),
(653,224,'2023-08-25',7,'Très Bien'),	(653,223,'2023-08-09',20,'Assez bien'),	(654,222,'2023-08-17',20,'Parfait'),	(654,224,'2023-09-01',4,'Très Bien'),
(655,223,'2023-08-10',2,'Très Bien'),	(655,224,'2023-08-10',7,'Mauvais'),	(656,223,'2023-08-21',14,'Assez bien'),	(656,222,'2023-08-28',3,'Parfait'),
(657,222,'2023-08-15',3,'Très Bien'),	(657,223,'2023-08-31',7,'Assez bien'),	(658,224,'2023-08-23',16,'Bien'),	(658,222,'2023-08-24',16,'Très Bien'),
(659,224,'2023-08-19',18,'Très Bien'),	(659,222,'2023-08-19',4,'Assez bien'),	(660,223,'2023-08-18',10,'Très Bien'),	(660,224,'2023-08-12',10,'Bien'),
(661,82,'2023-08-20',8,'Assez bien'),	(661,84,'2023-08-17',3,'Très Bien'),	(662,82,'2023-08-27',15,'Bien'),	(662,83,'2023-08-26',17,'Parfait'),
(663,83,'2023-08-13',18,'Bien'),	(663,82,'2023-08-28',11,'Bien'),	(664,83,'2023-08-20',13,'Bien'),	(664,84,'2023-08-22',10,'Bien'),
(665,84,'2023-08-24',6,'Parfait'),	(665,83,'2023-08-17',5,'Mauvais'),	(666,82,'2023-08-17',3,'Bien'),	(666,84,'2023-08-31',14,'Parfait'),
(667,83,'2023-08-22',19,'Parfait'),	(667,84,'2023-08-31',7,'Mauvais'),	(668,83,'2023-08-28',18,'Bien'),	(668,82,'2023-08-17',14,'Mauvais'),
(669,82,'2023-08-31',10,'Très Bien'),	(669,83,'2023-08-17',18,'Parfait'),	(670,84,'2023-08-27',1,'Parfait'),	(670,82,'2023-08-30',17,'Bien'),
(671,84,'2023-08-29',9,'Mauvais'),	(671,82,'2023-08-17',5,'Parfait'),	(672,83,'2023-08-26',8,'Bien'),	(672,84,'2023-08-17',4,'Mauvais'),
-- Concours 8
(673,22,'2023-11-26',15,'Mauvais'),	(673,24,'2023-11-05',15,'Bien'),	(674,22,'2023-11-06',1,'Mauvais'),	(674,23,'2023-10-16',13,'Assez bien'),
(675,23,'2023-10-30',13,'Très Bien'),	(675,22,'2023-10-16',1,'Bien'),	(676,23,'2023-11-10',8,'Bien'),	(676,24,'2023-11-30',1,'Très Bien'),
(677,24,'2023-10-17',16,'Bien'),	(677,23,'2023-10-22',6,'Mauvais'),	(678,22,'2023-11-26',4,'Mauvais'),	(678,24,'2023-11-20',9,'Assez bien'),
(679,23,'2023-10-14',7,'Mauvais'),	(679,24,'2023-11-21',6,'Parfait'),	(680,23,'2023-11-07',6,'Bien'),	(680,22,'2023-10-09',10,'Assez bien'),
(681,22,'2023-10-07',5,'Assez bien'),	(681,23,'2023-10-08',16,'Très Bien'),	(682,24,'2023-10-30',16,'Très Bien'),	(682,22,'2023-10-30',7,'Très Bien'),
(683,24,'2023-10-15',10,'Très Bien'),	(683,22,'2023-10-24',10,'Mauvais'),	(684,23,'2023-10-07',7,'Assez bien'),	(684,24,'2023-10-27',4,'Parfait'),
(685,42,'2023-10-19',11,'Bien'),	(685,44,'2023-10-16',7,'Assez bien'),	(686,42,'2023-11-20',17,'Assez bien'),	(686,43,'2023-10-30',14,'Bien'),
(687,43,'2023-11-01',10,'Parfait'),	(687,42,'2023-10-31',14,'Parfait'),	(688,43,'2023-10-27',9,'Assez bien'),	(688,44,'2023-11-03',3,'Très Bien'),
(689,44,'2023-10-12',11,'Très Bien'),	(689,43,'2023-10-17',14,'Très Bien'),	(690,42,'2023-11-01',1,'Bien'),	(690,44,'2023-11-22',2,'Bien'),
(691,43,'2023-12-01',14,'Assez bien'),	(691,44,'2023-10-19',11,'Très Bien'),	(692,43,'2023-11-28',7,'Assez bien'),	(692,42,'2023-10-23',3,'Très Bien'),
(693,42,'2023-11-02',3,'Parfait'),	(693,43,'2023-11-09',5,'Bien'),	(694,44,'2023-11-18',8,'Bien'),	(694,42,'2023-11-08',11,'Très Bien'),
(695,44,'2023-10-25',11,'Assez bien'),	(695,42,'2023-10-25',4,'Parfait'),	(696,43,'2023-11-28',8,'Bien'),	(696,44,'2023-11-12',3,'Bien'),
(697,62,'2023-11-02',18,'Parfait'),	(697,64,'2023-10-23',5,'Bien'),	(698,62,'2023-11-22',5,'Mauvais'),	(698,63,'2023-10-15',20,'Assez bien'),
(699,63,'2023-11-16',1,'Mauvais'),	(699,62,'2023-12-02',1,'Parfait'),	(700,63,'2023-11-25',10,'Bien'),	(700,64,'2023-11-03',10,'Très Bien'),
(701,64,'2023-11-11',2,'Assez bien'),	(701,63,'2023-11-14',14,'Très Bien'),	(702,62,'2023-11-26',5,'Très Bien'),	(702,64,'2023-10-25',5,'Parfait'),
(703,63,'2023-10-31',14,'Mauvais'),	(703,64,'2023-11-14',18,'Mauvais'),	(704,63,'2023-11-29',4,'Assez bien'),	(704,62,'2023-11-06',15,'Mauvais'),
(705,62,'2023-11-24',11,'Assez bien'),	(705,63,'2023-12-02',15,'Bien'),	(706,64,'2023-11-19',18,'Mauvais'),	(706,62,'2023-11-08',2,'Bien'),
(707,64,'2023-11-10',11,'Très Bien'),	(707,62,'2023-11-09',18,'Parfait'),	(708,63,'2023-10-21',17,'Très Bien'),	(708,64,'2023-11-13',9,'Parfait'),
(709,162,'2023-11-03',4,'Parfait'),	(709,164,'2023-11-23',17,'Très Bien'),	(710,162,'2023-11-17',1,'Assez bien'),	(710,163,'2023-11-01',10,'Assez bien'),
(711,163,'2023-11-11',4,'Très Bien'),	(711,162,'2023-11-21',2,'Assez bien'),	(712,163,'2023-11-27',17,'Assez bien'),	(712,164,'2023-12-02',18,'Assez bien'),
(713,164,'2023-12-02',13,'Assez bien'),	(713,163,'2023-11-11',2,'Parfait'),	(714,162,'2023-10-24',4,'Bien'),	(714,164,'2023-11-29',1,'Bien'),
(715,163,'2023-11-23',14,'Mauvais'),	(715,164,'2023-10-29',1,'Bien'),	(716,163,'2023-11-25',16,'Très Bien'),	(716,162,'2023-10-24',20,'Bien'),
(717,162,'2023-11-06',13,'Mauvais'),	(717,163,'2023-11-30',7,'Parfait'),	(718,164,'2023-11-11',19,'Parfait'),	(718,162,'2023-11-23',19,'Très Bien'),
(719,164,'2023-11-06',7,'Assez bien'),	(719,162,'2023-11-03',8,'Parfait'),	(720,163,'2023-11-22',4,'Très Bien'),	(720,164,'2023-11-20',17,'Bien'),
(721,182,'2023-11-17',2,'Bien'),	(721,184,'2023-10-31',13,'Très Bien'),	(722,182,'2023-12-01',13,'Mauvais'),	(722,183,'2023-11-03',1,'Mauvais'),
(723,183,'2023-12-01',5,'Assez bien'),	(723,182,'2023-11-10',6,'Mauvais'),	(724,183,'2023-11-08',2,'Assez bien'),	(724,184,'2023-11-09',3,'Mauvais'),
(725,104,'2023-10-27',11,'Très Bien'),	(725,183,'2023-12-02',16,'Parfait'),	(726,182,'2023-11-10',9,'Mauvais'),	(726,184,'2023-11-09',3,'Très Bien'),
(727,183,'2023-10-29',14,'Très Bien'),	(727,184,'2023-11-28',2,'Bien'),	(728,183,'2023-10-28',4,'Bien'),	(728,182,'2023-10-29',10,'Mauvais'),
(729,182,'2023-11-17',14,'Très Bien'),	(729,183,'2023-12-01',3,'Parfait'),	(730,184,'2023-11-17',20,'Parfait'),	(730,182,'2023-11-27',1,'Très Bien'),
(731,184,'2023-11-04',10,'Bien'),	(731,182,'2023-11-22',13,'Bien'),	(732,183,'2023-11-03',13,'Bien'),	(732,184,'2023-11-18',18,'Bien'),
(733,202,'2023-11-05',1,'Très Bien'),	(733,204,'2023-11-09',13,'Mauvais'),	(734,202,'2023-11-20',17,'Assez bien'),	(734,203,'2023-11-19',10,'Parfait'),
(735,203,'2023-12-01',16,'Assez bien'),	(735,202,'2023-12-01',10,'Mauvais'),	(736,203,'2023-11-29',13,'Parfait'),	(736,204,'2023-11-24',13,'Assez bien'),
(737,204,'2023-12-01',19,'Bien'),	(737,203,'2023-11-18',5,'Parfait'),	(738,202,'2023-11-21',9,'Bien'),	(738,204,'2023-11-13',18,'Très Bien'),
(739,203,'2023-11-29',4,'Parfait'),	(739,204,'2023-11-04',1,'Très Bien'),	(740,203,'2023-11-17',8,'Assez bien'),	(740,202,'2023-11-21',13,'Mauvais'),
(741,202,'2023-11-25',8,'Assez bien'),	(741,203,'2023-11-06',20,'Mauvais'),	(742,204,'2023-11-10',16,'Très Bien'),	(742,202,'2023-11-20',6,'Très Bien'),
(743,204,'2023-11-23',1,'Bien'),	(743,202,'2023-12-01',4,'Assez bien'),	(744,203,'2023-11-17',17,'Très Bien'),	(744,204,'2023-11-16',10,'Très Bien'),
(745,222,'2023-11-17',8,'Très Bien'),	(745,224,'2023-11-19',17,'Bien'),	(746,222,'2023-11-20',10,'Très Bien'),	(746,223,'2023-11-23',18,'Parfait'),
(747,223,'2023-11-15',16,'Bien'),	(747,222,'2023-11-18',20,'Mauvais'),	(748,223,'2023-12-01',20,'Bien'),	(748,224,'2023-11-25',15,'Bien'),
(749,224,'2023-11-28',9,'Assez bien'),	(749,223,'2023-12-01',18,'Parfait'),	(750,222,'2023-11-13',9,'Mauvais'),	(750,224,'2023-11-28',6,'Assez bien'),
(751,223,'2023-11-16',13,'Bien'),	(751,224,'2023-11-19',20,'Mauvais'),	(752,223,'2023-12-01',10,'Très Bien'),	(752,222,'2023-11-29',5,'Assez bien'),
(753,222,'2023-11-15',11,'Mauvais'),	(753,223,'2023-11-15',15,'Parfait'),	(754,224,'2023-11-19',1,'Parfait'),	(754,222,'2023-11-24',12,'Bien'),
(755,224,'2023-11-29',2,'Bien'),	(755,222,'2023-11-22',18,'Bien'),	(756,223,'2023-11-12',17,'Très Bien'),	(756,224,'2023-11-22',11,'Assez bien'),
(757,2,'2023-11-28',19,'Mauvais'),	(757,4,'2023-11-18',1,'Assez bien'),	(758,2,'2023-12-01',20,'Mauvais'),	(758,3,'2023-11-25',19,'Très Bien'),
(759,3,'2023-11-20',15,'Mauvais'),	(759,2,'2023-11-27',20,'Parfait'),	(760,3,'2023-11-13',11,'Assez bien'),	(760,4,'2023-11-15',12,'Mauvais'),
(761,4,'2023-12-02',13,'Parfait'),	(761,3,'2023-11-25',5,'Très Bien'),	(762,2,'2023-11-23',7,'Parfait'),	(762,4,'2023-11-30',3,'Assez bien'),
(763,3,'2023-12-01',10,'Mauvais'),	(763,4,'2023-11-19',6,'Assez bien'),	(764,3,'2023-11-23',2,'Assez bien'),	(764,2,'2023-11-21',9,'Mauvais'),
(765,2,'2023-11-21',3,'Bien'),	(765,3,'2023-11-19',9,'Assez bien'),	(766,4,'2023-11-23',7,'Mauvais'),	(766,2,'2023-12-02',5,'Assez bien'),
(767,4,'2023-12-01',11,'Mauvais'),	(767,2,'2023-11-29',8,'Parfait'),	(768,3,'2023-11-23',7,'Parfait'),	(768,4,'2023-11-30',19,'Mauvais'),
-- Concours 9
(769,22,'2024-01-15',17,'Très Bien'),	(769,24,'2024-01-08',12,'Bien'),	(770,22,'2024-01-29',14,'Bien'),	(770,23,'2024-02-03',13,'Assez bien'),
(771,23,'2024-02-02',20,'Parfait'),	(771,22,'2024-01-22',18,'Très Bien'),	(772,23,'2024-01-17',12,'Mauvais'),	(772,24,'2024-01-30',1,'Assez bien'),
(773,24,'2024-01-14',11,'Mauvais'),	(773,23,'2024-02-11',2,'Très Bien'),	(774,22,'2024-02-29',13,'Très Bien'),	(774,24,'2024-02-29',17,'Très Bien'),
(775,23,'2024-02-14',8,'Parfait'),	(775,24,'2024-02-19',1,'Très Bien'),	(776,23,'2024-02-19',1,'Bien'),	(776,22,'2024-03-03',20,'Parfait'),
(777,22,'2024-01-19',19,'Très Bien'),	(777,23,'2024-02-26',18,'Bien'),	(778,24,'2024-02-13',2,'Très Bien'),	(778,22,'2024-02-20',2,'Mauvais'),
(779,24,'2024-02-14',2,'Très Bien'),	(779,22,'2024-02-10',7,'Assez bien'),	(780,23,'2024-01-24',4,'Bien'),	(780,24,'2024-02-18',12,'Mauvais'),
(781,42,'2024-01-18',7,'Mauvais'),	(781,44,'2024-02-29',18,'Assez bien'),	(782,42,'2024-01-14',5,'Très Bien'),	(782,43,'2024-02-23',6,'Très Bien'),
(783,43,'2024-02-23',18,'Très Bien'),	(783,42,'2024-01-31',13,'Parfait'),	(784,43,'2024-02-28',16,'Bien'),	(784,44,'2024-01-28',16,'Parfait'),
(785,44,'2024-02-03',6,'Parfait'),	(785,43,'2024-02-08',15,'Parfait'),	(786,42,'2024-02-09',17,'Assez bien'),	(786,44,'2024-01-18',7,'Bien'),
(787,43,'2024-02-20',1,'Bien'),	(787,44,'2024-02-24',9,'Bien'),	(788,43,'2024-02-10',18,'Très Bien'),	(788,42,'2024-02-24',3,'Assez bien'),
(789,42,'2024-01-28',19,'Bien'),	(789,43,'2024-01-17',11,'Très Bien'),	(790,44,'2024-03-01',9,'Bien'),	(790,42,'2024-02-12',18,'Assez bien'),
(791,44,'2024-02-03',14,'Très Bien'),	(791,42,'2024-02-02',7,'Assez bien'),	(792,43,'2024-01-15',20,'Bien'),	(792,44,'2024-02-28',20,'Bien'),
(793,62,'2024-02-05',2,'Assez bien'),	(793,64,'2024-01-17',7,'Assez bien'),	(794,62,'2024-02-03',17,'Mauvais'),	(794,63,'2024-01-27',11,'Parfait'),
(795,63,'2024-01-23',6,'Assez bien'),	(795,62,'2024-01-30',6,'Parfait'),	(796,63,'2024-02-04',12,'Bien'),	(796,64,'2024-02-12',17,'Assez bien'),
(797,64,'2024-02-24',15,'Assez bien'),	(797,63,'2024-02-15',10,'Assez bien'),	(798,62,'2024-02-25',19,'Très Bien'),	(798,64,'2024-01-25',16,'Mauvais'),
(799,63,'2024-01-29',13,'Parfait'),	(799,64,'2024-02-03',9,'Mauvais'),	(800,63,'2024-02-22',4,'Mauvais'),	(800,62,'2024-02-13',20,'Mauvais'),
(801,62,'2024-02-03',7,'Mauvais'),	(801,63,'2024-01-20',15,'Bien'),	(802,64,'2024-02-18',5,'Mauvais'),	(802,62,'2024-02-28',13,'Assez bien'),
(803,64,'2024-02-23',12,'Mauvais'),	(803,62,'2024-02-03',8,'Assez bien'),	(804,63,'2024-02-17',13,'Très Bien'),	(804,64,'2024-01-24',18,'Mauvais'),
(805,162,'2024-01-26',7,'Très Bien'),	(805,164,'2024-02-15',1,'Parfait'),	(806,162,'2024-01-23',4,'Assez bien'),	(806,163,'2024-02-03',7,'Parfait'),
(807,163,'2024-01-23',8,'Parfait'),	(807,162,'2024-02-15',5,'Assez bien'),	(808,163,'2024-02-25',20,'Mauvais'),	(808,164,'2024-02-07',14,'Très Bien'),
(809,164,'2024-03-03',19,'Très Bien'),	(809,163,'2024-01-27',20,'Assez bien'),	(810,162,'2024-02-15',18,'Assez bien'),	(810,164,'2024-02-11',8,'Bien'),
(811,163,'2024-02-18',10,'Bien'),	(811,164,'2024-03-01',7,'Bien'),	(812,163,'2024-02-01',5,'Très Bien'),	(812,162,'2024-01-23',15,'Bien'),
(813,162,'2024-03-02',13,'Parfait'),	(813,163,'2024-03-02',15,'Très Bien'),	(814,164,'2024-02-12',11,'Très Bien'),	(814,162,'2024-01-31',14,'Assez bien'),
(815,164,'2024-02-03',9,'Parfait'),	(815,162,'2024-02-16',4,'Très Bien'),	(816,163,'2024-02-15',9,'Assez bien'),	(816,164,'2024-02-06',10,'Parfait'),
(817,182,'2024-02-02',8,'Assez bien'),	(817,184,'2024-01-29',19,'Très Bien'),	(818,182,'2024-02-10',10,'Parfait'),	(818,183,'2024-02-09',10,'Bien'),
(819,183,'2024-02-13',1,'Parfait'),	(819,182,'2024-01-26',11,'Mauvais'),	(820,183,'2024-01-29',16,'Assez bien'),	(820,184,'2024-02-11',11,'Très Bien'),
(821,104,'2024-02-15',19,'Assez bien'),	(821,183,'2024-02-17',7,'Très Bien'),	(822,182,'2024-01-30',6,'Parfait'),	(822,184,'2024-02-09',10,'Mauvais'),
(823,183,'2024-03-02',20,'Très Bien'),	(823,184,'2024-02-13',9,'Très Bien'),	(824,183,'2024-02-03',6,'Assez bien'),	(824,182,'2024-02-16',18,'Bien'),
(825,182,'2024-02-29',17,'Très Bien'),	(825,183,'2024-02-02',6,'Bien'),	(826,184,'2024-02-08',13,'Très Bien'),	(826,182,'2024-02-01',1,'Bien'),
(827,184,'2024-02-23',11,'Mauvais'),	(827,182,'2024-01-30',16,'Très Bien'),	(828,183,'2024-02-29',14,'Très Bien'),	(828,184,'2024-02-05',15,'Parfait'),
(829,202,'2024-02-11',18,'Bien'),	(829,204,'2024-02-14',4,'Bien'),	(830,202,'2024-02-14',6,'Mauvais'),	(830,203,'2024-02-28',3,'Mauvais'),
(831,203,'2024-02-16',1,'Assez bien'),	(831,202,'2024-02-28',12,'Très Bien'),	(832,203,'2024-02-13',19,'Assez bien'),	(832,204,'2024-02-09',5,'Très Bien'),
(833,204,'2024-02-16',12,'Assez bien'),	(833,203,'2024-02-25',11,'Assez bien'),	(834,202,'2024-02-15',15,'Assez bien'),	(834,204,'2024-02-20',9,'Assez bien'),
(835,203,'2024-02-27',2,'Très Bien'),	(835,204,'2024-03-01',7,'Assez bien'),	(836,203,'2024-02-29',10,'Parfait'),	(836,202,'2024-02-29',13,'Parfait'),
(837,202,'2024-02-04',9,'Assez bien'),	(837,203,'2024-02-18',20,'Assez bien'),	(838,204,'2024-02-15',16,'Très Bien'),	(838,202,'2024-02-22',6,'Assez bien'),
(839,204,'2024-02-24',14,'Assez bien'),	(839,202,'2024-02-27',3,'Assez bien'),	(840,203,'2024-02-11',11,'Bien'),	(840,204,'2024-02-06',19,'Très Bien'),
(841,222,'2024-02-11',20,'Bien'),	(841,224,'2024-02-24',16,'Bien'),	(842,222,'2024-02-20',18,'Parfait'),	(842,223,'2024-02-15',3,'Bien'),
(843,223,'2024-03-03',17,'Très Bien'),	(843,222,'2024-02-07',18,'Bien'),	(844,223,'2024-02-22',6,'Mauvais'),	(844,224,'2024-02-08',10,'Très Bien'),
(845,224,'2024-02-18',17,'Parfait'),	(845,223,'2024-02-24',20,'Bien'),	(846,222,'2024-02-20',13,'Parfait'),	(846,224,'2024-02-08',8,'Très Bien'),
(847,223,'2024-02-25',5,'Bien'),	(847,224,'2024-02-27',15,'Bien'),	(848,223,'2024-02-25',1,'Parfait'),	(848,222,'2024-02-16',15,'Assez bien'),
(849,222,'2024-02-24',17,'Très Bien'),	(849,223,'2024-02-28',19,'Très Bien'),	(850,224,'2024-02-18',3,'Assez bien'),	(850,222,'2024-02-28',6,'Assez bien'),
(851,224,'2024-02-29',5,'Très Bien'),	(851,222,'2024-03-02',11,'Assez bien'),	(852,223,'2024-02-23',18,'Parfait'),	(852,224,'2024-02-23',14,'Bien'),
(853,2,'2024-03-01',2,'Mauvais'),	(853,4,'2024-03-01',13,'Parfait'),	(854,2,'2024-02-23',1,'Parfait'),	(854,3,'2024-02-27',11,'Très Bien'),
(855,3,'2024-02-29',3,'Assez bien'),	(855,2,'2024-02-17',14,'Bien'),	(856,3,'2024-02-22',15,'Mauvais'),	(856,4,'2024-03-01',19,'Mauvais'),
(857,4,'2024-02-19',13,'Assez bien'),	(857,3,'2024-02-14',3,'Mauvais'),	(858,2,'2024-02-16',19,'Très Bien'),	(858,4,'2024-02-15',6,'Assez bien'),
(859,3,'2024-02-16',5,'Assez bien'),	(859,4,'2024-02-16',10,'Mauvais'),	(860,3,'2024-02-15',18,'Parfait'),	(860,2,'2024-02-28',18,'Très Bien'),
(861,2,'2024-02-23',11,'Mauvais'),	(861,3,'2024-02-23',8,'Mauvais'),	(862,4,'2024-02-23',12,'Très Bien'),	(862,2,'2024-02-23',12,'Bien'),
(863,4,'2024-02-17',17,'Bien'),	(863,2,'2024-03-01',17,'Parfait'),	(864,3,'2024-03-03',17,'Mauvais'),	(864,4,'2024-02-21',7,'Assez bien');







-- Insertion pour la table ParticipeCompetiteur
INSERT INTO ParticipeCompetiteur (numCompetiteur, numConcours)
VALUES
    (5, 1),
    (6, 1),
    (7, 1),
    (8, 1),
    (9, 1),
    (10, 1),
    (25, 1),
    (26, 1),
    (27, 1),
    (28, 1),
    (29, 1),
    (30, 1),
    (45, 1),
    (46, 1),
    (47, 1),
    (48, 1),
    (49, 1),
    (50, 1),
    (65, 1),
    (66, 1),
    (67, 1),
    (68, 1),
    (69, 1),
    (70, 1),
    (85, 1),
    (86, 1),
    (87, 1),
    (88, 1),
    (89, 1),
    (90, 1),
    (105, 1),
    (106, 1),
    (107, 1),
    (108, 1),
    (109, 1),
    (110, 1),
    (125, 1),
    (126, 1),
    (127, 1),
    (128, 1),
    (129, 1),
    (130, 1),
    (145, 1),
    (146, 1),
    (147, 1),
    (148, 1),
    (149, 1),
    (150, 1),
    (11,2),
    (12,2),
    (13,2),
    (14,2),
    (15,2),
    (16,2),
    (31,2),
    (32,2),
    (33,2),
    (34,2),
    (35,2),
    (36,2),
    (51,2),
    (52,2),
    (53,2),
    (54,2),
    (55,2),
    (56,2),
    (71,2),
    (72,2),
    (73,2),
    (74,2),
    (75,2),
    (76,2),
    (91,2),
    (92,2),
    (93,2),
    (94,2),
    (95,2),
    (96,2),
    (111,2),
    (112,2),
    (113,2),
    (114,2),
    (115,2),
    (116,2),
    (131,2),
    (132,2),
    (133,2),
    (134,2),
    (135,2),
    (136,2),
    (151,2),
    (152,2),
    (153,2),
    (154,2),
    (155,2),
    (156,2),
    (165,3),
(166,3),
(167,3),
(168,3),
(169,3),
(170,3),
(185,3),
(186,3),
(187,3),
(188,3),
(189,3),
(190,3),
(205,3),
(206,3),
(207,3),
(208,3),
(209,3),
(210,3),
(225,3),
(226,3),
(227,3),
(228,3),
(229,3),
(230,3),
(245,3),
(246,3),
(247,3),
(248,3),
(249,3),
(250,3),
(265,3),
(266,3),
(267,3),
(268,3),
(269,3),
(270,3),
(285,3),
(286,3),
(287,3),
(288,3),
(289,3),
(290,3),
(305,3),
(306,3),
(307,3),
(308,3),
(309,3),
(310,3),
(171,4),
(172,4),
(173,4),
(174,4),
(175,4),
(176,4),
(191,4),
(192,4),
(193,4),
(194,4),
(195,4),
(196,4),
(211,4),
(212,4),
(213,4),
(214,4),
(215,4),
(216,4),
(231,4),
(232,4),
(233,4),
(234,4),
(235,4),
(236,4),
(251,4),
(252,4),
(253,4),
(254,4),
(255,4),
(256,4),
(271,4),
(272,4),
(273,4),
(274,4),
(275,4),
(276,4),
(291,4),
(292,4),
(293,4),
(294,4),
(295,4),
(296,4),
(311,4),
(312,4),
(313,4),
(314,4),
(315,4),
(316,4),
(5,5),
(6,5),
(7,5),
(8,5),
(9,5),
(10,5),
(25,5),
(26,5),
(27,5),
(28,5),
(29,5),
(30,5),
(45,5),
(46,5),
(47,5),
(48,5),
(49,5),
(50,5),
(65,5),
(66,5),
(67,5),
(68,5),
(69,5),
(70,5),
(251,5),
(252,5),
(253,5),
(254,5),
(255,5),
(256,5),
(271,5),
(272,5),
(273,5),
(274,5),
(275,5),
(276,5),
(291,5),
(292,5),
(293,5),
(294,5),
(295,5),
(296,5),
(311,5),
(312,5),
(313,5),
(314,5),
(315,5),
(316,5),
(91,6),
(92,6),
(93,6),
(94,6),
(95,6),
(96,6),
(111,6),
(112,6),
(113,6),
(114,6),
(115,6),
(116,6),
(131,6),
(132,6),
(133,6),
(134,6),
(135,6),
(136,6),
(151,6),
(152,6),
(153,6),
(154,6),
(155,6),
(156,6),
(251,6),
(252,6),
(253,6),
(254,6),
(255,6),
(256,6),
(271,6),
(272,6),
(273,6),
(274,6),
(275,6),
(276,6),
(291,6),
(292,6),
(293,6),
(294,6),
(295,6),
(296,6),
(311,6),
(312,6),
(313,6),
(314,6),
(315,6),
(316,6),
(91,7),
(92,7),
(93,7),
(94,7),
(95,7),
(96,7),
(111,7),
(112,7),
(113,7),
(114,7),
(115,7),
(116,7),
(131,7),
(132,7),
(133,7),
(134,7),
(135,7),
(136,7),
(151,7),
(152,7),
(153,7),
(154,7),
(155,7),
(156,7),
(171,7),
(172,7),
(173,7),
(174,7),
(175,7),
(176,7),
(191,7),
(192,7),
(193,7),
(194,7),
(195,7),
(196,7),
(211,7),
(212,7),
(213,7),
(214,7),
(215,7),
(216,7),
(231,7),
(232,7),
(233,7),
(234,7),
(235,7),
(236,7),
(5,8),
(6,8),
(7,8),
(8,8),
(9,8),
(10,8),
(25,8),
(26,8),
(27,8),
(28,8),
(29,8),
(30,8),
(45,8),
(46,8),
(47,8),
(48,8),
(49,8),
(50,8),
(65,8),
(66,8),
(67,8),
(68,8),
(69,8),
(70,8),
(171,8),
(172,8),
(173,8),
(174,8),
(175,8),
(176,8),
(191,8),
(192,8),
(193,8),
(194,8),
(195,8),
(196,8),
(211,8),
(212,8),
(213,8),
(214,8),
(215,8),
(216,8),
(231,8),
(232,8),
(233,8),
(234,8),
(235,8),
(236,8),
(11,9),
(12,9),
(13,9),
(14,9),
(15,9),
(16,9),
(31,9),
(32,9),
(33,9),
(34,9),
(35,9),
(36,9),
(51,9),
(52,9),
(53,9),
(54,9),
(55,9),
(56,9),
(71,9),
(72,9),
(73,9),
(74,9),
(75,9),
(76,9),
(165,9),
(166,9),
(167,9),
(168,9),
(169,9),
(170,9),
(185,9),
(186,9),
(187,9),
(188,9),
(189,9),
(190,9),
(205,9),
(206,9),
(207,9),
(208,9),
(209,9),
(210,9),
(225,9),
(226,9),
(227,9),
(228,9),
(229,9),
(230,9);










-- Insertion pour la table ParticipeClub
INSERT INTO ParticipeClub (numClub, numConcours)
VALUES
    (1, 1),
    (2, 1),
    (3, 1),
    (4, 1),
    (5, 1),
    (6, 1),
    (7, 1),
    (8, 1),
    (1, 2),
    (2, 2),
    (3, 2),
    (4, 2),
    (5, 2),
    (6, 2),
    (7, 2),
    (8, 2),
    (9, 3),
    (10, 3),
    (11, 3),
    (12, 3),
    (13, 3),
    (14, 3),
    (15, 3),
    (16, 3),
    (9, 4),
    (10, 4),
    (11, 4),
    (12, 4),
    (13, 4),
    (14, 4),
    (15, 4),
    (16, 4),
    (1, 5),
    (2, 5),
    (3, 5),
    (4, 5),
    (13, 5),
    (14, 5),
    (15, 5),
    (16, 5),
    (5, 6),
    (6, 6),
    (7, 6),
    (8, 6),
    (13, 6),
    (14, 6),
    (15, 6),
    (16, 6),
    (5, 7),
    (6, 7),
    (7, 7),
    (8, 7),
    (9, 7),
    (10, 7),
    (11, 7),
    (12, 7),
    (1, 8),
    (2, 8),
    (3, 8),
    (4, 8),
    (9, 8),
    (10, 8),
    (11, 8),
    (12, 8),
    (1, 9),
    (2, 9),
    (3, 9),
    (4, 9),
    (9, 9),
    (10, 9),
    (11, 9),
    (12, 9);


-- Insertion pour la table Jury
INSERT INTO Jury (numEvaluateur, numConcours)
VALUES
    (2, 1),
    (3, 1),
    (4, 1),
    (22, 1),
    (23, 1),
    (24, 1),
    (42, 1),
    (43, 1),
    (44, 1),
    (62, 1),
    (63, 1),
    (64, 1),
    (82, 1),
    (83, 1),
    (84, 1),
    (102, 1),
    (103, 1),
    (104, 1),
    (122, 1),
    (123, 1),
    (124, 1),
    (142, 1),
    (143, 1),
    (144, 1),
    (2,2),
    (3,2),
    (4,2),
    (22,2),
    (23,2),
    (24,2),
    (42,2),
    (43,2),
    (44,2),
    (62,2),
    (63,2),
    (64,2),
    (82,2),
    (83,2),
    (84,2),
    (102,2),
    (103,2),
    (104,2),
    (122,2),
    (123,2),
    (124,2),
    (142,2),
    (143,2),
    (144,2),
    (162,3),
(163,3),
(164,3),
(182,3),
(183,3),
(184,3),
(202,3),
(203,3),
(204,3),
(222,3),
(223,3),
(224,3),
(242,3),
(243,3),
(244,3),
(262,3),
(263,3),
(264,3),
(282,3),
(283,3),
(284,3),
(302,3),
(303,3),
(304,3),
(162,4),
(163,4),
(164,4),
(182,4),
(183,4),
(184,4),
(202,4),
(203,4),
(204,4),
(222,4),
(223,4),
(224,4),
(242,4),
(243,4),
(244,4),
(262,4),
(263,4),
(264,4),
(282,4),
(283,4),
(284,4),
(302,4),
(303,4),
(304,4),
(2,5),
(3,5),
(4,5),
(22,5),
(23,5),
(24,5),
(42,5),
(43,5),
(44,5),
(62,5),
(63,5),
(64,5),
(242,5),
(243,5),
(244,5),
(262,5),
(263,5),
(264,5),
(282,5),
(283,5),
(284,5),
(302,5),
(303,5),
(304,5),
(82,6),
(83,6),
(84,6),
(102,6),
(103,6),
(104,6),
(122,6),
(123,6),
(124,6),
(142,6),
(143,6),
(144,6),
(242,6),
(243,6),
(244,6),
(262,6),
(263,6),
(264,6),
(282,6),
(283,6),
(284,6),
(302,6),
(303,6),
(304,6),
(82,7),
(83,7),
(84,7),
(102,7),
(103,7),
(104,7),
(122,7),
(123,7),
(124,7),
(142,7),
(143,7),
(144,7),
(162,7),
(163,7),
(164,7),
(182,7),
(183,7),
(184,7),
(202,7),
(203,7),
(204,7),
(222,7),
(223,7),
(224,7),
(2,8),
(3,8),
(4,8),
(22,8),
(23,8),
(24,8),
(42,8),
(43,8),
(44,8),
(62,8),
(63,8),
(64,8),
(162,8),
(163,8),
(164,8),
(182,8),
(183,8),
(184,8),
(202,8),
(203,8),
(204,8),
(222,8),
(223,8),
(224,8),
(2,9),
(3,9),
(4,9),
(22,9),
(23,9),
(24,9),
(42,9),
(43,9),
(44,9),
(62,9),
(63,9),
(64,9),
(162,9),
(163,9),
(164,9),
(182,9),
(183,9),
(184,9),
(202,9),
(203,9),
(204,9),
(222,9),
(223,9),
(224,9);









-- Insertion pour la table Dirige
INSERT INTO Dirige (numClub, numDirecteur)
VALUES
    (1, 1),
    (2, 21),
    (3, 41),
    (4, 61),
    (5, 81),
    (6, 101),
    (7, 121),
    (8, 141),
    (9, 161),
    (10, 181),
    (11, 201),
    (12, 221);

	
